Lead_ID,Lead_Source,Lead_Type,Lead_Sector,Lead_Country,Lead_Engagement_Score,Lead_Visits,Time_on_Site_Min,Lead_Age_Days,Lead_Email_Opened,Lead_Call_Attended,Lead_Score,Lead_Region,Lead_Employee_Count,Lead_Quality
L0461,Google,Warm,Manufacturing,Germany,76,3,9,84,1,1,5,North,<50,Bad Lead
L0097,Referral,Cold,Healthcare,UK,21,5,38,11,1,0,79,North,<50,Bad Lead
L0169,Referral,Cold,Finance,UK,80,12,9,7,0,1,13,North,>500,Bad Lead
L0177,Referral,Cold,Education,Germany,72,14,41,75,0,1,49,North,>500,Bad Lead
L0187,Website,Cold,IT,UK,84,11,46,86,1,1,8,North,50-100,Good Lead
L0412,Referral,Warm,Healthcare,Germany,66,2,10,38,0,1,54,West,>500,Bad Lead
L0837,Facebook,Warm,Healthcare,USA,19,3,32,69,1,0,5,West,>500,Bad Lead
L0818,Google,Cold,Manufacturing,India,75,0,44,70,1,0,80,North,<50,Bad Lead
L0828,Facebook,Cold,Retail,Canada,30,2,32,24,1,1,58,East,>500,Bad Lead
L0887,Facebook,Hot,IT,Canada,52,10,43,86,1,1,0,West,<50,Bad Lead
L0085,Email,Hot,Healthcare,India,1,6,33,39,1,1,28,West,50-100,Bad Lead
L0545,Email,Cold,Education,USA,83,12,26,86,1,1,34,East,100-500,Good Lead
L0418,LinkedIn,Cold,Manufacturing,India,95,5,15,41,1,0,87,South,50-100,Bad Lead
L0562,LinkedIn,Warm,Education,USA,4,12,7,66,0,0,2,North,100-500,Bad Lead
L0890,Referral,Hot,Education,UK,29,10,1,25,1,1,33,West,50-100,Bad Lead
L0401,Referral,Warm,Retail,India,49,0,45,3,1,1,34,North,<50,Bad Lead
L0947,Facebook,Hot,Education,UK,5,6,17,60,1,1,2,North,100-500,Bad Lead
L0211,Facebook,Cold,Retail,UK,23,12,28,56,1,0,49,East,>500,Bad Lead
L0515,LinkedIn,Warm,Finance,UK,24,3,25,8,1,1,25,South,50-100,Bad Lead
L0203,Google,Cold,Education,UK,27,10,47,37,0,0,47,North,<50,Bad Lead
L0251,Referral,Warm,Retail,India,52,10,47,52,0,0,12,North,>500,Bad Lead
L0167,Email,Cold,IT,USA,41,0,3,72,1,0,27,West,50-100,Bad Lead
L0981,Email,Cold,Healthcare,Canada,71,4,13,62,1,0,19,East,50-100,Bad Lead
L0007,Facebook,Cold,Education,India,16,2,4,55,1,1,76,East,<50,Bad Lead
L0757,Website,Cold,Healthcare,India,79,3,8,58,1,1,24,South,<50,Bad Lead
L0111,Facebook,Warm,Finance,Germany,0,11,2,10,1,0,53,North,<50,Bad Lead
L0423,LinkedIn,Warm,Retail,India,99,14,9,37,0,0,46,North,<50,Bad Lead
L0099,Google,Cold,Education,USA,57,4,33,50,0,1,96,West,>500,Bad Lead
L0783,Facebook,Warm,Manufacturing,India,89,5,14,89,1,0,79,South,50-100,Bad Lead
L0660,Email,Cold,Manufacturing,UK,10,7,2,81,0,1,46,West,<50,Bad Lead
L0826,Email,Warm,Healthcare,Germany,88,2,16,49,1,1,98,West,>500,Bad Lead
L0733,Referral,Warm,Healthcare,UK,21,13,18,50,0,0,89,West,>500,Bad Lead
L0123,Email,Warm,Manufacturing,Germany,20,13,28,16,0,0,53,West,<50,Bad Lead
L0355,Website,Hot,Finance,India,43,0,11,53,1,1,76,South,50-100,Bad Lead
L0019,LinkedIn,Cold,Retail,Canada,72,1,24,23,1,1,51,West,100-500,Bad Lead
L0161,LinkedIn,Warm,Retail,Canada,5,0,3,7,1,1,94,North,50-100,Bad Lead
L0585,Referral,Hot,Manufacturing,Canada,49,4,33,19,1,1,77,South,<50,Bad Lead
L0011,Referral,Warm,IT,Germany,49,14,26,54,1,1,54,East,100-500,Bad Lead
L0969,Google,Warm,Manufacturing,Germany,57,3,9,89,1,1,55,West,>500,Bad Lead
L0328,Email,Warm,Finance,UK,95,14,7,14,0,1,77,North,50-100,Bad Lead
L0801,Website,Hot,Finance,Germany,2,6,27,56,1,1,31,East,100-500,Bad Lead
L0243,Google,Hot,Education,Canada,12,9,18,83,0,1,46,South,50-100,Bad Lead
L0288,Facebook,Warm,IT,UK,56,4,28,82,1,1,96,East,>500,Bad Lead
L0607,Referral,Warm,Education,USA,65,11,15,29,1,1,60,West,100-500,Good Lead
L0620,Facebook,Cold,Healthcare,UK,89,10,24,56,0,0,9,East,<50,Bad Lead
L0718,LinkedIn,Cold,Manufacturing,Germany,98,12,13,44,1,1,62,East,<50,Good Lead
L0670,Website,Hot,Education,Canada,31,11,5,8,1,0,86,South,<50,Bad Lead
L0226,Email,Cold,Manufacturing,USA,97,3,48,31,0,1,4,East,100-500,Bad Lead
L0089,Website,Warm,Healthcare,USA,39,9,39,82,1,1,18,North,100-500,Bad Lead
L0780,LinkedIn,Warm,Education,India,82,4,18,65,1,1,21,South,<50,Bad Lead
L0346,Website,Warm,Finance,Germany,44,9,37,30,1,1,41,East,>500,Bad Lead
L0162,LinkedIn,Hot,Finance,Canada,34,5,45,50,1,0,69,West,100-500,Bad Lead
L0024,LinkedIn,Cold,Finance,India,16,11,32,48,1,1,42,South,<50,Bad Lead
L0726,Facebook,Warm,Finance,Germany,94,10,18,49,1,1,67,North,<50,Good Lead
L0494,Referral,Hot,Manufacturing,India,47,3,19,33,1,1,79,North,>500,Bad Lead
L0790,Facebook,Warm,Healthcare,USA,24,4,19,87,1,1,69,East,<50,Bad Lead
L0320,Referral,Cold,Healthcare,India,39,10,27,40,1,1,62,East,50-100,Bad Lead
L0457,Website,Hot,IT,India,55,4,13,85,1,0,99,West,<50,Bad Lead
L0274,Google,Hot,Retail,India,70,7,28,79,1,1,46,West,<50,Good Lead
L0250,Referral,Warm,Retail,India,48,7,13,43,0,1,85,East,100-500,Bad Lead
L0039,Referral,Cold,Retail,UK,42,0,26,25,0,1,68,South,50-100,Bad Lead
L0258,Referral,Warm,Finance,USA,78,12,14,57,0,1,2,East,<50,Bad Lead
L0270,LinkedIn,Warm,Finance,UK,85,12,28,18,1,0,23,West,>500,Good Lead
L0394,Website,Warm,Retail,India,43,10,34,60,1,0,15,South,>500,Bad Lead
L0621,Website,Cold,IT,Canada,29,0,40,82,1,1,26,East,>500,Bad Lead
L0315,Google,Warm,Manufacturing,USA,82,4,15,4,1,0,31,West,>500,Bad Lead
L0605,Google,Warm,Healthcare,Canada,36,7,18,24,0,1,33,East,<50,Bad Lead
L0302,Google,Cold,Retail,UK,56,12,1,6,1,0,38,East,>500,Bad Lead
L0143,Referral,Hot,IT,Germany,51,0,28,66,1,1,39,West,<50,Bad Lead
L0508,Website,Hot,Finance,Germany,98,6,19,7,0,0,92,North,<50,Bad Lead
L0291,Email,Warm,IT,USA,47,11,45,89,1,0,30,South,100-500,Bad Lead
L0936,Website,Hot,Retail,UK,48,10,40,9,1,1,17,East,50-100,Bad Lead
L0639,LinkedIn,Cold,Healthcare,Canada,34,12,38,85,1,0,56,North,50-100,Bad Lead
L0855,Facebook,Cold,Healthcare,India,58,14,27,9,0,1,16,West,100-500,Bad Lead
L0965,Email,Cold,Finance,India,80,0,37,65,1,0,39,South,100-500,Bad Lead
L0098,Website,Cold,Retail,Canada,10,12,37,51,0,0,35,West,50-100,Bad Lead
L0447,LinkedIn,Hot,Healthcare,Germany,95,11,48,76,0,0,50,West,<50,Bad Lead
L0198,Referral,Warm,IT,Germany,77,4,41,73,1,1,17,East,100-500,Bad Lead
L0136,Website,Hot,Education,USA,26,11,15,11,1,1,18,West,50-100,Bad Lead
L0347,Facebook,Cold,Education,USA,61,2,28,52,1,0,6,East,50-100,Bad Lead
L0139,Facebook,Warm,Finance,USA,24,5,47,40,1,1,31,South,>500,Bad Lead
L0875,Website,Cold,Healthcare,India,84,2,23,23,0,0,10,West,100-500,Bad Lead
L0015,LinkedIn,Hot,Manufacturing,Germany,27,4,30,6,1,0,86,North,50-100,Bad Lead
L0514,Facebook,Cold,Manufacturing,Canada,82,12,49,48,0,0,28,North,>500,Bad Lead
L0200,Email,Warm,Education,India,35,3,23,5,1,0,81,West,<50,Bad Lead
L0897,Website,Cold,Retail,Canada,43,9,26,38,1,0,28,West,>500,Bad Lead
L0578,Google,Warm,Education,Canada,21,4,38,18,1,1,47,East,100-500,Bad Lead
L0684,LinkedIn,Cold,Retail,USA,92,12,22,27,1,1,9,East,50-100,Good Lead
L0557,Email,Hot,Education,India,81,13,8,64,1,1,1,West,100-500,Good Lead
L0743,Referral,Hot,IT,USA,78,12,43,87,0,1,18,West,50-100,Bad Lead
L0323,Google,Warm,IT,Canada,61,9,18,14,0,0,2,East,>500,Bad Lead
L0351,Google,Warm,Retail,India,80,6,2,89,0,0,82,West,<50,Bad Lead
L0736,Referral,Warm,Manufacturing,UK,47,13,40,47,0,0,15,East,<50,Bad Lead
L0023,Referral,Warm,Healthcare,India,91,3,27,0,0,1,85,West,>500,Bad Lead
L0125,Facebook,Warm,Manufacturing,UK,66,6,9,20,0,1,94,North,>500,Bad Lead
L0825,Email,Cold,Finance,Canada,51,12,14,56,1,1,61,North,100-500,Bad Lead
L0648,Google,Hot,Retail,UK,94,5,30,9,1,1,69,South,50-100,Bad Lead
L0656,Email,Cold,Finance,Canada,41,9,49,26,1,1,22,North,<50,Bad Lead
L0054,Google,Hot,Finance,UK,47,14,26,13,0,1,76,South,50-100,Bad Lead
L0158,Facebook,Cold,Retail,India,84,13,47,80,0,1,89,South,>500,Bad Lead
L0667,Email,Warm,Finance,UK,49,1,17,17,1,0,15,South,100-500,Bad Lead
L0145,Facebook,Warm,IT,Germany,24,8,15,0,1,0,47,West,<50,Bad Lead
L0598,Website,Warm,IT,UK,27,14,14,70,1,1,2,North,100-500,Bad Lead
L0292,Google,Cold,Manufacturing,Germany,65,1,46,57,0,0,58,West,<50,Bad Lead
L0190,Email,Hot,Finance,UK,17,5,25,0,1,0,37,East,100-500,Bad Lead
L0572,Google,Cold,IT,USA,63,1,40,69,1,1,92,East,100-500,Bad Lead
L0170,Referral,Cold,IT,USA,75,5,14,10,0,1,23,North,50-100,Bad Lead
L0256,Facebook,Cold,IT,Canada,24,9,26,10,1,0,32,North,>500,Bad Lead
L0769,LinkedIn,Warm,Education,Germany,15,11,22,45,1,1,1,East,<50,Bad Lead
L0597,Email,Cold,Healthcare,Germany,2,0,35,81,1,0,22,West,100-500,Bad Lead
L0363,Website,Hot,IT,Canada,28,14,3,74,1,1,31,North,100-500,Bad Lead
L0308,LinkedIn,Hot,IT,Germany,44,5,23,22,0,0,34,West,100-500,Bad Lead
L0745,Google,Warm,Retail,USA,38,13,21,51,0,1,38,South,50-100,Bad Lead
L0850,LinkedIn,Cold,Manufacturing,Germany,90,11,26,4,0,1,9,South,100-500,Bad Lead
L0486,Website,Hot,Finance,India,12,12,42,35,0,0,1,North,100-500,Bad Lead
L0734,Website,Cold,Retail,Germany,12,6,42,66,1,1,49,North,100-500,Bad Lead
L0425,Google,Hot,Education,India,21,11,4,21,1,0,55,North,>500,Bad Lead
L0666,Referral,Warm,Healthcare,India,19,8,6,35,0,0,48,North,100-500,Bad Lead
L0655,Website,Cold,Manufacturing,Canada,63,1,16,31,1,1,38,East,<50,Bad Lead
L0851,LinkedIn,Cold,Healthcare,UK,22,8,13,17,1,1,55,West,<50,Bad Lead
L0641,Referral,Warm,Healthcare,Germany,83,8,8,82,1,0,62,East,50-100,Good Lead
L0673,Facebook,Cold,IT,India,83,2,16,50,1,0,33,South,>500,Bad Lead
L0456,LinkedIn,Cold,Healthcare,Canada,88,3,36,85,0,1,13,North,>500,Bad Lead
L0148,Website,Hot,Education,Canada,31,5,12,41,0,0,80,West,<50,Bad Lead
L0906,Website,Warm,Manufacturing,Germany,96,14,42,20,1,1,41,West,>500,Good Lead
L0778,Facebook,Cold,IT,USA,80,3,30,76,0,0,8,East,<50,Bad Lead
L0652,LinkedIn,Warm,IT,Canada,11,10,22,85,1,1,88,West,50-100,Bad Lead
L0610,Email,Cold,Finance,USA,25,10,27,87,0,0,69,North,50-100,Bad Lead
L0881,Email,Hot,Retail,USA,82,6,23,41,1,1,36,West,>500,Good Lead
L0630,LinkedIn,Warm,Healthcare,UK,44,5,44,0,0,0,61,East,100-500,Bad Lead
L0642,Google,Hot,Healthcare,USA,36,5,27,75,1,1,11,South,>500,Bad Lead
L0184,Email,Hot,Finance,USA,22,4,10,38,1,1,64,West,<50,Bad Lead
L0232,Referral,Cold,Education,India,76,12,24,51,1,0,34,East,<50,Good Lead
L0717,Google,Cold,Retail,Canada,23,0,18,69,0,0,59,East,>500,Bad Lead
L0317,Google,Cold,IT,UK,53,3,21,73,1,0,94,East,>500,Bad Lead
L0151,Website,Hot,Retail,Germany,4,14,13,85,0,1,59,West,50-100,Bad Lead
L0968,Referral,Cold,Education,UK,82,13,17,37,1,1,7,North,100-500,Good Lead
L0618,Google,Warm,Retail,India,28,2,41,17,0,1,81,North,>500,Bad Lead
L0102,Google,Warm,Education,Germany,3,1,11,18,0,1,32,South,>500,Bad Lead
L0034,Referral,Warm,Finance,UK,51,2,37,19,1,0,40,East,50-100,Bad Lead
L0365,Email,Cold,Retail,India,16,14,33,37,1,1,17,West,100-500,Bad Lead
L0775,Google,Cold,Finance,Canada,95,7,34,35,0,0,4,North,100-500,Bad Lead
L0033,Referral,Cold,Education,USA,95,13,4,15,1,1,94,South,>500,Good Lead
L0782,Email,Cold,IT,UK,59,12,38,42,1,0,9,West,100-500,Bad Lead
L0192,Google,Cold,Manufacturing,USA,21,0,25,37,0,0,41,South,100-500,Bad Lead
L0645,Email,Cold,Healthcare,USA,56,4,37,84,1,0,91,South,100-500,Bad Lead
L0244,Google,Cold,Education,UK,68,13,2,34,1,0,39,South,<50,Good Lead
L0809,Email,Hot,Healthcare,UK,61,2,1,10,0,1,42,North,>500,Bad Lead
L0092,Website,Warm,IT,Germany,78,6,3,5,1,1,42,East,50-100,Good Lead
L0287,Facebook,Warm,Finance,Germany,29,4,16,12,1,1,17,South,<50,Bad Lead
L0388,LinkedIn,Warm,Retail,USA,58,2,16,24,1,1,87,North,50-100,Bad Lead
L0872,Google,Cold,Manufacturing,Germany,81,8,35,52,0,1,31,West,>500,Bad Lead
L0643,Website,Warm,IT,UK,80,9,2,19,1,1,62,North,50-100,Good Lead
L0940,LinkedIn,Cold,Healthcare,India,48,9,24,48,1,0,23,East,<50,Bad Lead
L0436,Referral,Cold,Manufacturing,Germany,83,14,2,30,1,0,28,North,<50,Good Lead
L0727,Google,Cold,Retail,Canada,56,10,23,31,1,0,27,West,50-100,Bad Lead
L0037,Email,Warm,Manufacturing,USA,96,8,48,77,0,0,87,South,50-100,Bad Lead
L0575,Website,Hot,Retail,Canada,64,0,1,72,1,1,22,West,50-100,Bad Lead
L0915,Email,Warm,Retail,USA,41,9,46,34,1,1,89,South,>500,Bad Lead
L0361,Google,Hot,Education,USA,91,2,2,57,1,0,5,North,50-100,Bad Lead
L0496,Referral,Cold,Manufacturing,Canada,85,5,19,68,1,1,94,West,50-100,Bad Lead
L0609,Referral,Warm,Retail,USA,53,9,6,67,1,1,70,East,100-500,Bad Lead
L0946,Email,Warm,IT,UK,16,12,4,89,1,1,68,South,100-500,Bad Lead
L0127,Email,Cold,Manufacturing,UK,83,9,22,20,1,0,22,West,<50,Good Lead
L0208,Referral,Cold,Healthcare,Canada,18,8,13,20,1,1,56,West,50-100,Bad Lead
L0240,Email,Warm,Retail,Germany,25,3,20,17,1,0,24,East,100-500,Bad Lead
L0942,Email,Warm,Finance,USA,65,11,2,48,1,0,12,South,>500,Good Lead
L0678,Facebook,Warm,Manufacturing,Canada,39,10,5,29,1,0,86,East,>500,Bad Lead
L0189,Facebook,Cold,Healthcare,India,5,4,49,8,1,0,91,South,100-500,Bad Lead
L0624,Google,Cold,Retail,Canada,54,0,30,16,1,1,16,East,50-100,Bad Lead
L0547,Website,Warm,Finance,Canada,24,1,28,53,0,0,53,North,50-100,Bad Lead
L0454,Referral,Hot,Finance,UK,47,0,42,35,0,1,96,North,<50,Bad Lead
L0297,Email,Cold,Manufacturing,Canada,75,4,26,81,1,0,62,North,<50,Bad Lead
L0732,Referral,Hot,Manufacturing,India,8,2,7,73,1,1,65,South,100-500,Bad Lead
L0469,Email,Cold,IT,USA,47,6,23,83,0,0,78,East,<50,Bad Lead
L0231,Email,Warm,Education,UK,47,7,16,56,0,0,45,West,>500,Bad Lead
L0399,Google,Warm,Finance,Canada,89,6,34,62,0,1,34,East,>500,Bad Lead
L0406,Referral,Cold,Healthcare,India,61,9,41,27,0,1,20,North,>500,Bad Lead
L0791,Google,Cold,Retail,USA,76,11,44,68,1,1,62,East,>500,Good Lead
L0674,LinkedIn,Warm,Retail,UK,2,11,41,34,1,0,32,West,50-100,Bad Lead
L0451,Facebook,Warm,Education,Germany,59,0,11,79,1,1,0,East,50-100,Bad Lead
L0751,Google,Warm,Healthcare,Canada,19,14,42,76,1,1,17,North,>500,Bad Lead
L0884,Facebook,Warm,Retail,India,51,9,32,58,1,0,89,North,100-500,Bad Lead
L0383,Email,Cold,Manufacturing,India,15,6,29,11,1,1,37,West,>500,Bad Lead
L0260,Google,Warm,Finance,UK,31,14,44,35,0,0,51,South,50-100,Bad Lead
L0615,Website,Cold,IT,UK,21,12,3,23,1,0,62,South,50-100,Bad Lead
L0977,Google,Warm,Education,USA,39,5,47,70,0,1,62,North,<50,Bad Lead
L0574,LinkedIn,Warm,Finance,USA,3,7,27,86,1,1,25,South,50-100,Bad Lead
L0700,Website,Warm,IT,USA,81,13,18,6,0,1,94,East,>500,Bad Lead
L0870,Google,Cold,Manufacturing,Germany,92,12,29,58,0,1,76,South,>500,Bad Lead
L0787,Google,Warm,Retail,Canada,3,5,46,59,1,1,5,East,50-100,Bad Lead
L0843,LinkedIn,Warm,Retail,UK,0,2,19,78,1,0,87,North,100-500,Bad Lead
L0497,LinkedIn,Hot,Manufacturing,Canada,37,14,47,54,0,1,91,North,50-100,Bad Lead
L0552,LinkedIn,Cold,Finance,Germany,60,14,26,17,0,0,29,West,<50,Bad Lead
L0340,Email,Warm,Education,Germany,47,3,48,76,0,0,17,West,>500,Bad Lead
L0779,Website,Warm,Healthcare,Canada,5,2,48,51,1,1,92,South,<50,Bad Lead
L0430,Facebook,Warm,Healthcare,Germany,3,5,5,67,1,0,0,East,>500,Bad Lead
L0100,Website,Warm,Retail,Germany,56,8,44,70,0,1,83,East,<50,Bad Lead
L0537,Google,Warm,Finance,India,58,3,23,5,1,1,7,East,>500,Bad Lead
L0022,Google,Warm,IT,Germany,18,1,43,61,1,0,49,South,<50,Bad Lead
L0225,Facebook,Cold,IT,Germany,49,3,34,41,1,0,47,West,100-500,Bad Lead
L0918,Email,Cold,Manufacturing,USA,42,11,7,0,0,1,58,West,>500,Bad Lead
L0411,Facebook,Hot,Manufacturing,UK,37,0,42,0,1,1,82,East,>500,Bad Lead
L0028,Google,Warm,Finance,India,49,6,29,15,1,1,64,North,>500,Bad Lead
L0481,LinkedIn,Cold,IT,Germany,90,3,2,29,1,0,43,North,50-100,Bad Lead
L0352,Referral,Hot,Manufacturing,Germany,98,13,25,8,0,1,36,West,>500,Bad Lead
L0056,Website,Warm,Finance,India,81,8,1,48,1,0,46,East,<50,Good Lead
L0781,Google,Hot,IT,UK,76,8,17,51,1,0,26,East,>500,Good Lead
L0637,Referral,Cold,Retail,USA,87,7,31,59,1,0,82,North,>500,Good Lead
L0473,Website,Hot,Manufacturing,India,42,12,5,15,0,1,9,North,50-100,Bad Lead
L0321,Facebook,Warm,Manufacturing,India,58,14,45,52,1,0,46,East,>500,Bad Lead
L0364,Google,Hot,Education,Germany,57,4,35,41,1,0,73,East,100-500,Bad Lead
L0492,Email,Warm,Education,USA,74,3,20,43,0,0,37,West,<50,Bad Lead
L0945,LinkedIn,Cold,IT,USA,27,6,9,4,1,0,14,West,100-500,Bad Lead
L0381,Email,Hot,Manufacturing,Canada,10,9,16,50,1,1,3,East,100-500,Bad Lead
L0157,Facebook,Hot,Manufacturing,India,96,7,20,11,0,0,8,North,100-500,Bad Lead
L0284,Facebook,Hot,Education,Germany,10,5,13,25,1,1,98,South,100-500,Bad Lead
L0669,Facebook,Cold,Manufacturing,Germany,9,6,25,58,1,0,83,East,>500,Bad Lead
L0966,LinkedIn,Warm,IT,UK,99,2,45,53,1,1,6,West,100-500,Bad Lead
L0391,Google,Hot,IT,India,93,9,42,35,1,1,30,East,<50,Good Lead
L0542,Website,Warm,Finance,India,49,5,46,20,1,0,12,East,50-100,Bad Lead
L0629,Email,Warm,Manufacturing,India,79,3,15,80,1,1,32,North,>500,Bad Lead
L0900,Facebook,Cold,Manufacturing,USA,97,2,36,63,1,0,47,West,<50,Bad Lead
L0079,Referral,Warm,Healthcare,Germany,36,1,27,19,1,0,81,East,>500,Bad Lead
L0264,Facebook,Warm,Education,Canada,53,7,43,39,1,0,69,East,>500,Bad Lead
L0701,Email,Warm,Education,India,63,1,27,56,1,1,69,South,<50,Bad Lead
L0471,Google,Warm,Finance,India,19,9,14,22,0,1,23,West,50-100,Bad Lead
L0499,Website,Cold,Retail,India,77,1,24,41,1,0,93,North,>500,Bad Lead
L0153,Facebook,Warm,IT,Canada,48,5,19,81,1,1,85,East,>500,Bad Lead
L0763,Facebook,Cold,IT,USA,82,10,7,34,1,1,60,East,50-100,Good Lead
L0415,Email,Cold,Retail,India,0,4,24,87,1,1,43,West,100-500,Bad Lead
L0938,Email,Cold,Finance,USA,10,6,33,35,1,0,80,East,<50,Bad Lead
L0811,Email,Cold,Manufacturing,India,5,13,10,55,1,1,58,South,<50,Bad Lead
L0842,Email,Cold,IT,UK,96,5,6,88,1,1,84,West,100-500,Bad Lead
L0538,Google,Cold,Healthcare,UK,4,6,6,56,0,0,31,West,>500,Bad Lead
L0765,Google,Warm,Finance,Canada,70,4,22,88,1,1,50,East,50-100,Bad Lead
L0402,LinkedIn,Warm,Manufacturing,Germany,11,13,6,40,1,0,27,South,100-500,Bad Lead
L0611,Referral,Warm,Retail,Germany,74,7,15,28,0,0,10,North,<50,Bad Lead
L0863,LinkedIn,Cold,Finance,UK,15,7,2,53,1,1,36,West,50-100,Bad Lead
L0849,Email,Hot,Education,Canada,71,12,23,21,0,0,92,North,50-100,Bad Lead
L0987,Google,Cold,Healthcare,Germany,8,8,19,45,1,1,70,South,>500,Bad Lead
L0750,Google,Cold,Finance,India,39,5,12,8,1,0,24,South,<50,Bad Lead
L0832,Email,Warm,Education,Germany,3,10,17,16,0,1,17,North,100-500,Bad Lead
L0311,Facebook,Cold,Finance,USA,63,14,13,72,0,0,43,West,50-100,Bad Lead
L0747,Facebook,Cold,Education,UK,80,11,14,82,1,1,18,West,>500,Good Lead
L0141,LinkedIn,Warm,IT,Canada,60,4,19,16,1,0,92,North,50-100,Bad Lead
L0448,Referral,Cold,Education,Canada,34,12,46,14,0,0,80,South,<50,Bad Lead
L0135,Google,Warm,IT,Canada,59,8,39,9,0,1,49,South,50-100,Bad Lead
L0247,Email,Warm,Finance,Canada,66,14,47,87,1,1,22,North,>500,Good Lead
L0785,Google,Hot,Manufacturing,Germany,94,8,25,54,1,0,50,East,>500,Good Lead
L0886,Google,Warm,IT,Germany,94,10,18,68,1,1,63,East,<50,Good Lead
L0760,Website,Cold,Healthcare,Germany,75,10,49,39,1,1,29,North,<50,Good Lead
L0393,Email,Warm,Education,UK,9,10,33,8,0,0,34,South,>500,Bad Lead
L0319,Website,Cold,Education,Canada,63,7,23,76,0,1,37,West,<50,Bad Lead
L0435,Referral,Warm,Retail,India,83,10,47,87,0,0,72,West,<50,Bad Lead
L0564,LinkedIn,Cold,Finance,India,40,2,45,54,1,1,50,East,<50,Bad Lead
L1000,Website,Warm,IT,Canada,19,1,33,22,1,1,96,West,50-100,Bad Lead
L0372,Website,Warm,Retail,UK,89,12,35,50,1,0,40,South,<50,Good Lead
L0222,Website,Cold,Healthcare,USA,46,0,33,26,1,1,21,East,>500,Bad Lead
L0299,Email,Cold,Healthcare,USA,35,5,21,85,1,0,17,West,50-100,Bad Lead
L0400,Website,Warm,Retail,Canada,1,6,25,77,1,1,44,East,>500,Bad Lead
L0335,Email,Hot,Retail,Germany,91,7,45,60,0,0,55,South,<50,Bad Lead
L0348,Referral,Hot,IT,USA,38,8,17,24,1,0,14,East,100-500,Bad Lead
L0354,Email,Warm,Finance,India,63,1,6,68,1,1,54,North,50-100,Bad Lead
L0001,Referral,Cold,Manufacturing,India,45,7,38,41,1,1,60,South,100-500,Bad Lead
L0166,Website,Warm,Retail,USA,4,5,13,11,0,1,18,West,>500,Bad Lead
L0084,Email,Warm,Manufacturing,UK,84,7,29,11,1,1,64,South,50-100,Good Lead
L0704,Website,Hot,Retail,Canada,86,5,33,49,1,0,67,South,<50,Bad Lead
L0685,Referral,Hot,Healthcare,Germany,93,14,22,75,1,0,14,West,50-100,Good Lead
L0491,Email,Warm,Education,Canada,53,6,11,6,1,0,78,South,100-500,Bad Lead
L0032,LinkedIn,Warm,Finance,USA,22,1,31,5,1,0,76,West,>500,Bad Lead
L0540,Facebook,Cold,IT,Germany,20,10,25,70,0,1,63,West,50-100,Bad Lead
L0273,LinkedIn,Cold,Manufacturing,USA,50,6,19,53,0,0,76,East,<50,Bad Lead
L0772,Website,Cold,Education,UK,67,5,29,26,1,0,68,South,<50,Bad Lead
L0687,Website,Hot,Education,USA,59,4,34,77,0,0,92,East,100-500,Bad Lead
L0105,Google,Cold,Retail,UK,60,11,4,26,1,1,90,North,>500,Bad Lead
L0999,Google,Hot,Retail,India,25,12,2,70,0,1,8,South,>500,Bad Lead
L0713,Referral,Warm,IT,Germany,68,12,42,70,0,1,92,West,100-500,Bad Lead
L0889,Referral,Hot,IT,Canada,51,1,41,14,1,1,88,South,>500,Bad Lead
L0994,Facebook,Cold,Healthcare,Germany,24,8,28,79,1,1,73,South,>500,Bad Lead
L0124,Website,Warm,IT,USA,70,8,49,25,1,0,73,West,50-100,Good Lead
L0103,Google,Warm,IT,UK,85,0,4,5,0,0,4,South,100-500,Bad Lead
L0830,Referral,Cold,IT,India,83,2,2,70,1,1,67,South,50-100,Bad Lead
L0147,Referral,Hot,Retail,India,45,9,6,3,0,1,74,South,<50,Bad Lead
L0753,Referral,Cold,Manufacturing,Canada,90,1,20,20,1,0,84,West,<50,Bad Lead
L0452,Google,Warm,Retail,Canada,45,14,35,63,0,0,26,East,<50,Bad Lead
L0690,Facebook,Warm,IT,USA,27,12,46,22,1,1,16,West,<50,Bad Lead
L0113,Facebook,Cold,Retail,India,2,9,6,63,0,1,93,West,>500,Bad Lead
L0501,Google,Cold,Education,Germany,48,1,4,76,1,0,61,North,100-500,Bad Lead
L0731,Email,Cold,Finance,Germany,97,7,3,85,1,1,99,North,50-100,Good Lead
L0839,Google,Cold,Manufacturing,Germany,80,6,20,1,1,1,7,West,50-100,Good Lead
L0183,Facebook,Cold,Finance,Canada,45,14,1,49,0,1,41,North,100-500,Bad Lead
L0528,Referral,Warm,Finance,Germany,82,14,7,49,1,0,40,East,50-100,Good Lead
L0267,Google,Cold,Retail,India,55,14,19,41,1,1,86,East,50-100,Bad Lead
L0041,Google,Cold,Education,India,33,5,39,77,0,1,29,North,<50,Bad Lead
L0119,Google,Cold,Manufacturing,UK,28,12,14,8,1,1,76,North,<50,Bad Lead
L0140,Google,Warm,Finance,Germany,20,7,3,9,0,0,21,West,<50,Bad Lead
L0059,Referral,Cold,Retail,Canada,35,8,26,43,1,0,81,East,50-100,Bad Lead
L0201,Google,Warm,IT,Canada,33,5,43,16,1,0,79,East,50-100,Bad Lead
L0803,Website,Hot,Manufacturing,UK,79,5,16,79,1,0,51,North,<50,Bad Lead
L0533,Facebook,Hot,Finance,USA,54,3,25,42,1,0,92,West,50-100,Bad Lead
L0856,LinkedIn,Hot,Manufacturing,India,89,4,26,78,1,1,60,East,50-100,Bad Lead
L0823,LinkedIn,Cold,Healthcare,Canada,68,5,4,31,1,0,94,South,>500,Bad Lead
L0950,Email,Cold,Healthcare,UK,27,10,30,25,1,0,2,East,100-500,Bad Lead
L0995,Website,Cold,Retail,UK,33,9,49,35,1,0,82,North,>500,Bad Lead
L0532,Facebook,Hot,Retail,Germany,97,8,36,61,1,1,68,South,100-500,Good Lead
L0432,Website,Cold,Healthcare,India,22,9,20,86,1,0,0,West,>500,Bad Lead
L0122,Google,Hot,IT,Canada,91,9,32,69,0,1,45,East,>500,Bad Lead
L0227,LinkedIn,Warm,Manufacturing,Germany,12,2,3,25,1,1,34,East,>500,Bad Lead
L0420,Website,Hot,Retail,USA,20,11,40,89,1,1,24,West,<50,Bad Lead
L0242,Facebook,Hot,Education,Germany,70,5,47,32,1,0,59,North,<50,Bad Lead
L0815,Website,Warm,Education,India,9,9,7,71,0,1,88,South,<50,Bad Lead
L0671,Referral,Hot,Retail,UK,51,1,5,72,0,1,97,South,100-500,Bad Lead
L0962,LinkedIn,Warm,Retail,USA,51,2,42,79,1,0,47,East,100-500,Bad Lead
L0182,Google,Warm,Education,UK,31,0,44,20,1,1,65,North,100-500,Bad Lead
L0298,Referral,Warm,Manufacturing,Canada,56,13,40,76,0,0,95,West,100-500,Bad Lead
L0802,Website,Cold,Manufacturing,India,97,14,21,39,1,0,50,West,<50,Good Lead
L0245,Referral,Cold,Finance,India,25,4,10,50,0,0,6,East,50-100,Bad Lead
L0217,Google,Cold,Retail,USA,96,14,9,55,1,1,46,North,<50,Good Lead
L0223,Google,Warm,Finance,Germany,64,2,4,73,1,1,64,North,50-100,Bad Lead
L0472,Website,Cold,Healthcare,UK,11,6,26,27,0,1,22,West,100-500,Bad Lead
L0905,LinkedIn,Warm,IT,USA,11,5,47,26,1,1,20,South,>500,Bad Lead
L0038,Facebook,Cold,Education,USA,68,3,46,42,1,1,68,South,<50,Bad Lead
L0072,Email,Hot,Healthcare,Canada,5,11,30,78,1,0,70,East,>500,Bad Lead
L0558,LinkedIn,Cold,IT,Germany,86,14,20,2,0,1,49,East,50-100,Bad Lead
L0786,Website,Warm,Retail,Canada,53,14,15,66,0,0,9,West,>500,Bad Lead
L0976,Facebook,Hot,IT,India,47,2,20,7,1,1,82,North,<50,Bad Lead
L0997,Website,Warm,IT,USA,23,8,32,36,1,1,94,South,<50,Bad Lead
L0908,Website,Cold,Healthcare,Canada,56,6,16,45,1,1,57,West,>500,Bad Lead
L0080,LinkedIn,Warm,Finance,Germany,8,9,39,58,1,0,74,East,100-500,Bad Lead
L0370,Referral,Cold,IT,India,20,11,24,55,1,0,63,East,<50,Bad Lead
L0819,Google,Warm,Manufacturing,India,48,0,15,65,1,0,46,East,<50,Bad Lead
L0229,Referral,Hot,Manufacturing,India,33,11,8,74,0,0,82,East,>500,Bad Lead
L0236,Email,Cold,Healthcare,UK,60,10,45,70,1,1,65,East,50-100,Bad Lead
L0063,Facebook,Cold,Retail,India,45,0,44,87,0,0,30,East,100-500,Bad Lead
L0390,Google,Warm,Education,Canada,93,1,1,75,0,0,98,West,>500,Bad Lead
L0876,LinkedIn,Warm,Manufacturing,Canada,93,6,29,60,1,0,95,North,100-500,Good Lead
L0758,Email,Warm,Manufacturing,Canada,72,6,1,2,0,1,62,West,<50,Bad Lead
L0720,Google,Cold,Manufacturing,Canada,59,3,37,50,1,1,51,East,50-100,Bad Lead
L0871,LinkedIn,Warm,Education,Germany,93,11,26,68,1,0,28,East,100-500,Good Lead
L0882,Facebook,Warm,IT,Germany,14,13,7,46,0,1,12,North,50-100,Bad Lead
L0026,Website,Cold,Finance,USA,40,3,18,9,1,1,7,West,50-100,Bad Lead
L0313,Google,Warm,Retail,Canada,92,9,18,14,1,1,24,North,>500,Good Lead
L0800,Website,Warm,Healthcare,Germany,27,10,1,73,1,1,47,North,>500,Bad Lead
L0632,Facebook,Cold,Education,USA,55,8,29,31,1,0,94,East,<50,Bad Lead
L0197,LinkedIn,Warm,Healthcare,Canada,41,14,14,43,1,0,60,West,100-500,Bad Lead
L0961,Referral,Cold,Healthcare,UK,12,13,18,12,0,0,25,East,>500,Bad Lead
L0261,Google,Warm,Education,UK,25,2,24,32,1,0,98,East,50-100,Bad Lead
L0988,Website,Cold,Healthcare,India,15,9,26,30,1,0,28,West,100-500,Bad Lead
L0440,Email,Hot,Manufacturing,USA,7,14,42,42,1,0,92,North,50-100,Bad Lead
L0916,LinkedIn,Warm,Retail,India,61,5,2,30,1,1,98,North,100-500,Bad Lead
L0925,Google,Warm,Finance,Germany,84,7,33,1,1,0,20,South,50-100,Good Lead
L0937,Referral,Cold,Manufacturing,UK,98,0,46,75,0,1,98,North,<50,Bad Lead
L0300,Facebook,Cold,Education,Canada,78,7,25,75,1,0,16,North,>500,Good Lead
L0281,Referral,Cold,Healthcare,Canada,44,2,40,17,1,1,17,West,>500,Bad Lead
L0865,Google,Hot,IT,Germany,81,9,16,27,1,1,61,South,<50,Good Lead
L0327,Email,Warm,IT,Canada,94,3,42,31,1,1,16,West,50-100,Bad Lead
L0439,Referral,Hot,Education,Canada,27,6,4,50,0,1,44,North,>500,Bad Lead
L0659,Google,Hot,Retail,India,18,11,16,48,1,1,3,South,<50,Bad Lead
L0576,Google,Cold,Finance,USA,14,13,27,80,1,1,55,North,<50,Bad Lead
L0885,Facebook,Cold,Education,India,73,9,31,37,1,1,80,South,>500,Good Lead
L0705,Website,Cold,Education,India,21,7,28,41,0,1,21,North,>500,Bad Lead
L0602,Referral,Cold,Retail,India,12,6,17,39,1,0,28,South,100-500,Bad Lead
L0553,Website,Cold,IT,Germany,17,6,48,46,0,0,85,West,<50,Bad Lead
L0836,Email,Hot,Retail,UK,48,12,22,22,1,0,56,West,>500,Bad Lead
L0128,Facebook,Warm,Healthcare,USA,82,4,32,10,1,1,26,East,<50,Bad Lead
L0691,Website,Warm,Manufacturing,Canada,48,6,33,47,1,1,59,West,50-100,Bad Lead
L0883,Facebook,Hot,Healthcare,Germany,72,10,3,52,1,1,73,West,50-100,Good Lead
L0728,Facebook,Cold,Retail,Canada,54,4,30,66,1,0,70,North,50-100,Bad Lead
L0018,Email,Cold,Healthcare,USA,92,14,8,15,0,0,72,North,<50,Bad Lead
L0709,Website,Hot,Manufacturing,UK,91,3,6,73,1,0,5,North,50-100,Bad Lead
L0680,Website,Warm,Manufacturing,Canada,22,14,2,38,0,1,85,North,>500,Bad Lead
L0487,Email,Warm,Retail,Germany,34,9,6,83,1,1,35,North,>500,Bad Lead
L0238,Referral,Cold,Retail,UK,38,0,5,84,1,0,71,West,100-500,Bad Lead
L0332,Email,Cold,IT,USA,61,2,6,3,1,1,34,South,100-500,Bad Lead
L0046,Google,Warm,Retail,Canada,66,3,22,83,0,1,79,West,>500,Bad Lead
L0592,Google,Warm,Manufacturing,USA,11,14,5,61,0,1,5,North,100-500,Bad Lead
L0142,LinkedIn,Warm,IT,UK,62,14,10,16,0,0,65,South,<50,Bad Lead
L0868,Referral,Warm,Education,USA,12,6,16,40,0,1,71,North,100-500,Bad Lead
L0052,LinkedIn,Hot,IT,India,81,13,36,74,0,1,78,West,>500,Bad Lead
L0116,LinkedIn,Warm,Healthcare,Canada,0,7,21,22,0,1,94,East,<50,Bad Lead
L0373,Google,Cold,IT,India,35,7,1,73,0,1,39,North,<50,Bad Lead
L0360,Referral,Hot,Manufacturing,India,8,9,14,76,0,0,56,West,100-500,Bad Lead
L0894,Facebook,Warm,Finance,Canada,8,3,39,63,1,0,55,North,>500,Bad Lead
L0930,Google,Cold,Manufacturing,Germany,85,5,48,8,1,0,52,East,<50,Bad Lead
L0307,Email,Warm,IT,USA,76,6,43,15,1,0,75,North,50-100,Good Lead
L0794,Referral,Warm,Healthcare,India,62,7,1,12,0,1,62,South,50-100,Bad Lead
L0040,Referral,Cold,Manufacturing,India,47,3,48,89,1,1,80,North,<50,Bad Lead
L0179,Email,Cold,Finance,India,36,12,24,53,0,1,65,East,<50,Bad Lead
L0403,Google,Cold,Finance,UK,89,1,21,44,1,1,8,North,<50,Bad Lead
L0549,LinkedIn,Cold,Finance,UK,74,9,11,27,0,0,28,East,>500,Bad Lead
L0334,Facebook,Cold,Education,Germany,8,5,9,25,1,0,1,South,50-100,Bad Lead
L0909,Email,Warm,Manufacturing,Germany,7,10,41,65,1,1,53,West,100-500,Bad Lead
L0195,Google,Warm,Retail,UK,80,1,46,43,0,1,85,East,100-500,Bad Lead
L0014,Website,Cold,Finance,USA,24,8,7,51,1,0,80,West,<50,Bad Lead
L0634,Facebook,Cold,Retail,Germany,26,9,18,14,1,1,64,North,>500,Bad Lead
L0241,Email,Warm,Manufacturing,UK,16,12,18,46,0,0,43,North,>500,Bad Lead
L0090,Website,Cold,Education,Germany,35,12,44,33,1,1,2,South,50-100,Bad Lead
L0385,Facebook,Hot,Finance,UK,58,8,23,17,0,1,10,West,100-500,Bad Lead
L0675,LinkedIn,Cold,Healthcare,USA,36,3,37,81,1,0,25,South,>500,Bad Lead
L0479,Facebook,Warm,Retail,Germany,73,2,17,76,1,1,44,East,100-500,Bad Lead
L0224,Google,Cold,IT,Germany,28,2,46,51,1,0,28,South,50-100,Bad Lead
L0773,Google,Cold,Healthcare,Germany,58,13,41,5,0,0,51,East,50-100,Bad Lead
L0512,LinkedIn,Warm,Healthcare,India,84,13,30,29,1,1,92,East,<50,Good Lead
L0583,Email,Cold,Manufacturing,Canada,45,10,11,41,0,0,26,North,<50,Bad Lead
L0755,Referral,Warm,IT,Canada,81,12,27,3,1,0,38,West,100-500,Good Lead
L0506,LinkedIn,Cold,Manufacturing,Germany,78,12,14,50,1,0,38,North,50-100,Good Lead
L0706,Website,Cold,Retail,Canada,1,5,42,11,1,1,76,North,100-500,Bad Lead
L0692,Referral,Hot,IT,Germany,35,7,18,19,1,0,8,South,<50,Bad Lead
L0978,Website,Hot,Education,Canada,96,9,43,63,1,0,73,South,>500,Good Lead
L0489,Website,Warm,Finance,Germany,58,4,35,18,1,0,6,East,100-500,Bad Lead
L0095,Referral,Hot,Manufacturing,India,97,10,18,21,0,0,40,West,>500,Bad Lead
L0050,Referral,Warm,Manufacturing,USA,74,9,12,67,1,0,15,West,50-100,Good Lead
L0404,Referral,Cold,Manufacturing,India,22,11,6,49,1,0,75,North,<50,Bad Lead
L0821,Referral,Cold,Healthcare,UK,30,12,46,40,1,1,53,North,>500,Bad Lead
L0283,Website,Cold,Manufacturing,Canada,2,9,38,4,1,0,26,West,<50,Bad Lead
L0761,Email,Hot,Education,Canada,43,13,24,47,1,0,44,South,50-100,Bad Lead
L0108,Facebook,Hot,Retail,India,67,10,29,6,1,1,67,North,50-100,Good Lead
L0449,LinkedIn,Cold,Finance,Germany,78,13,9,26,1,0,35,South,100-500,Good Lead
L0130,Google,Warm,Manufacturing,USA,67,14,23,71,1,1,89,North,>500,Good Lead
L0975,LinkedIn,Hot,Education,USA,81,8,18,71,0,0,30,North,>500,Bad Lead
L0228,Website,Hot,Finance,UK,0,9,26,24,1,0,73,West,>500,Bad Lead
L0860,Google,Cold,Healthcare,Canada,27,2,45,81,1,1,69,West,>500,Bad Lead
L0833,Referral,Warm,Healthcare,Canada,12,11,37,44,1,1,25,South,>500,Bad Lead
L0333,Website,Hot,Healthcare,USA,48,4,27,10,0,0,42,North,100-500,Bad Lead
L0083,Referral,Cold,Finance,USA,58,0,12,54,1,0,39,North,>500,Bad Lead
L0339,Website,Hot,Healthcare,Germany,78,0,40,39,1,0,15,North,50-100,Bad Lead
L0912,Google,Cold,IT,Germany,61,3,27,81,0,1,34,East,100-500,Bad Lead
L0759,Facebook,Cold,Healthcare,India,62,7,49,67,1,1,95,South,>500,Good Lead
L0902,Website,Warm,Healthcare,UK,8,7,17,10,0,1,25,North,50-100,Bad Lead
L0626,Website,Cold,Education,Germany,45,11,13,87,1,1,63,West,50-100,Bad Lead
L0985,Facebook,Warm,Healthcare,India,37,5,28,7,1,1,77,East,100-500,Bad Lead
L0429,Email,Warm,Education,Canada,78,6,35,72,1,0,14,South,>500,Good Lead
L0483,Website,Warm,IT,India,94,13,13,17,1,1,54,West,100-500,Good Lead
L0206,LinkedIn,Hot,IT,USA,38,3,25,9,1,1,42,East,<50,Bad Lead
L0216,Facebook,Cold,Healthcare,India,61,2,47,17,0,0,12,West,>500,Bad Lead
L0990,Referral,Cold,Manufacturing,Canada,75,5,25,14,0,0,92,East,<50,Bad Lead
L0510,LinkedIn,Cold,Manufacturing,India,79,12,36,77,0,1,4,North,>500,Bad Lead
L0989,Email,Cold,IT,India,55,6,26,8,1,1,73,West,50-100,Bad Lead
L0330,Email,Warm,Education,India,29,0,20,69,1,1,34,North,>500,Bad Lead
L0073,LinkedIn,Cold,Manufacturing,USA,88,2,42,76,0,0,99,East,>500,Bad Lead
L0716,Referral,Warm,Education,UK,39,8,13,33,0,0,73,South,50-100,Bad Lead
L0799,Facebook,Cold,Healthcare,India,66,6,1,12,1,1,3,East,<50,Good Lead
L0495,Website,Hot,Education,USA,34,8,22,65,0,1,65,East,>500,Bad Lead
L0657,Facebook,Cold,Finance,USA,93,8,43,17,1,0,67,West,50-100,Good Lead
L0252,Facebook,Warm,Healthcare,UK,64,11,11,9,1,1,20,West,100-500,Good Lead
L0437,Referral,Cold,IT,Canada,75,14,29,39,0,1,25,North,>500,Bad Lead
L0234,Facebook,Hot,Finance,USA,48,0,39,30,0,0,12,South,<50,Bad Lead
L0681,LinkedIn,Warm,Manufacturing,Germany,10,8,9,83,1,1,57,North,100-500,Bad Lead
L0867,Website,Cold,Manufacturing,UK,29,9,38,12,1,0,79,West,>500,Bad Lead
L0478,Website,Cold,IT,India,60,12,44,36,0,0,55,West,50-100,Bad Lead
L0892,Facebook,Cold,Healthcare,India,56,5,32,18,0,1,83,West,100-500,Bad Lead
L0983,Google,Cold,Education,Germany,79,3,27,63,0,1,70,East,>500,Bad Lead
L0505,LinkedIn,Cold,IT,Canada,54,13,35,59,1,1,23,East,50-100,Bad Lead
L0695,Referral,Cold,Retail,UK,35,13,33,67,1,1,79,North,>500,Bad Lead
L0392,Facebook,Cold,Retail,Germany,75,2,19,66,0,1,76,North,<50,Bad Lead
L0353,Referral,Cold,Finance,India,82,0,41,11,1,0,65,East,50-100,Bad Lead
L0739,LinkedIn,Cold,Retail,UK,39,0,1,12,1,0,41,South,50-100,Bad Lead
L0421,Email,Hot,Healthcare,UK,12,10,9,48,1,0,86,West,100-500,Bad Lead
L0625,Website,Cold,Finance,USA,15,1,49,29,1,0,64,South,<50,Bad Lead
L0604,Website,Warm,Finance,UK,65,9,23,3,1,1,45,East,>500,Good Lead
L0840,Website,Cold,Manufacturing,USA,53,3,1,85,1,1,96,East,<50,Bad Lead
L0636,LinkedIn,Warm,Manufacturing,Canada,86,9,29,23,1,0,75,North,100-500,Good Lead
L0527,Facebook,Cold,Finance,USA,47,3,13,18,1,0,72,West,50-100,Bad Lead
L0935,Facebook,Cold,IT,Germany,71,3,24,30,1,1,85,West,<50,Bad Lead
L0829,LinkedIn,Cold,Retail,UK,84,11,19,11,1,1,64,West,<50,Good Lead
L0524,Referral,Cold,Retail,Canada,42,2,42,37,1,1,42,North,>500,Bad Lead
L0957,Facebook,Warm,Education,USA,48,2,24,36,1,1,17,East,100-500,Bad Lead
L0194,Website,Warm,Education,USA,29,8,26,60,0,0,45,South,100-500,Bad Lead
L0777,Google,Hot,Manufacturing,USA,12,10,31,1,0,1,67,East,>500,Bad Lead
L0407,Google,Cold,Retail,India,95,1,48,41,1,0,51,West,50-100,Bad Lead
L0172,Referral,Warm,IT,Canada,79,13,7,9,1,1,55,South,50-100,Good Lead
L0450,Email,Warm,IT,India,4,10,30,67,0,1,66,North,50-100,Bad Lead
L0202,Referral,Warm,IT,Germany,72,5,6,50,1,1,14,South,<50,Bad Lead
L0756,Website,Hot,Retail,India,76,10,38,23,1,0,67,East,<50,Good Lead
L0017,Email,Hot,Manufacturing,Germany,3,9,35,45,1,0,48,South,100-500,Bad Lead
L0525,Referral,Cold,Healthcare,Germany,24,5,17,42,1,0,6,South,<50,Bad Lead
L0280,Email,Hot,IT,India,40,8,35,7,0,1,29,East,100-500,Bad Lead
L0419,Email,Warm,IT,UK,27,8,4,38,1,0,79,South,<50,Bad Lead
L0178,Google,Warm,Education,UK,28,5,22,13,0,1,40,South,<50,Bad Lead
L0424,Email,Cold,Manufacturing,Germany,6,9,26,22,1,0,79,West,100-500,Bad Lead
L0846,Email,Warm,Education,USA,16,12,45,48,1,1,54,West,50-100,Bad Lead
L0665,Referral,Warm,Healthcare,Canada,33,9,30,70,1,1,6,North,>500,Bad Lead
L0205,Google,Hot,Education,Canada,77,1,43,50,0,1,12,West,<50,Bad Lead
L0518,Website,Cold,Education,Canada,28,3,40,57,1,1,36,West,<50,Bad Lead
L0259,Referral,Hot,Healthcare,Canada,28,1,45,89,0,0,90,West,50-100,Bad Lead
L0661,Referral,Hot,Retail,USA,97,8,4,43,1,1,20,North,>500,Good Lead
L0817,Email,Hot,Finance,Canada,58,14,7,74,0,1,40,East,<50,Bad Lead
L0458,LinkedIn,Hot,Healthcare,India,58,7,12,48,1,0,68,South,100-500,Bad Lead
L0087,Google,Cold,IT,Germany,57,12,15,77,0,1,91,North,>500,Bad Lead
L0730,LinkedIn,Warm,IT,UK,55,4,4,85,1,0,56,North,>500,Bad Lead
L0331,Email,Cold,Retail,India,1,8,27,64,1,1,12,West,<50,Bad Lead
L0694,Google,Warm,Retail,USA,95,9,1,54,0,1,72,North,50-100,Bad Lead
L0463,Website,Cold,IT,USA,1,5,2,67,1,0,54,East,>500,Bad Lead
L0948,Facebook,Warm,Healthcare,Canada,18,1,17,84,1,1,36,South,>500,Bad Lead
L0953,Website,Hot,Education,Germany,36,9,21,14,0,1,51,East,50-100,Bad Lead
L0064,Email,Warm,IT,Germany,2,10,8,25,1,0,96,South,>500,Bad Lead
L0507,Email,Warm,Retail,Canada,57,2,49,20,1,1,67,East,100-500,Bad Lead
L0488,Referral,Hot,Manufacturing,USA,74,4,3,51,1,1,18,South,>500,Bad Lead
L0173,Email,Hot,Education,Germany,66,13,15,84,1,1,89,West,<50,Good Lead
L0707,Website,Hot,Finance,Germany,30,3,41,17,1,0,79,South,50-100,Bad Lead
L0379,LinkedIn,Cold,Finance,USA,60,8,34,82,1,0,51,East,50-100,Bad Lead
L0928,Facebook,Hot,Education,USA,55,8,25,73,1,0,95,South,50-100,Bad Lead
L0788,LinkedIn,Warm,Education,India,38,1,22,57,1,0,61,South,100-500,Bad Lead
L0798,Email,Warm,Healthcare,India,93,11,37,11,0,1,49,West,>500,Bad Lead
L0398,LinkedIn,Hot,IT,UK,80,12,18,34,0,0,26,North,100-500,Bad Lead
L0275,Referral,Cold,IT,UK,77,11,49,64,1,0,75,West,<50,Good Lead
L0676,Facebook,Cold,IT,India,39,7,40,4,1,1,65,East,100-500,Bad Lead
L0416,Facebook,Hot,Manufacturing,Canada,93,10,9,34,1,0,64,North,>500,Good Lead
L0387,LinkedIn,Hot,Manufacturing,India,39,13,25,35,1,1,16,West,50-100,Bad Lead
L0485,Google,Hot,Manufacturing,Germany,15,2,28,61,0,1,28,East,>500,Bad Lead
L0737,Referral,Cold,Finance,Canada,17,5,6,16,1,0,53,North,<50,Bad Lead
L0121,LinkedIn,Cold,IT,UK,73,11,28,2,1,0,59,South,<50,Good Lead
L0827,Facebook,Cold,Education,Germany,40,0,7,79,1,0,92,South,50-100,Bad Lead
L0431,Referral,Cold,Retail,USA,95,1,5,70,1,0,6,North,100-500,Bad Lead
L0973,Google,Cold,Manufacturing,India,0,13,31,88,1,1,11,North,100-500,Bad Lead
L0380,Facebook,Warm,IT,UK,12,13,25,53,1,0,21,South,100-500,Bad Lead
L0907,Email,Warm,IT,India,77,7,12,38,1,0,60,West,100-500,Good Lead
L0573,Referral,Hot,IT,UK,70,11,7,76,1,0,16,North,50-100,Good Lead
L0062,Website,Hot,Retail,India,76,5,6,77,0,1,9,South,<50,Bad Lead
L0923,LinkedIn,Warm,Retail,USA,92,13,22,62,0,1,78,East,50-100,Bad Lead
L0653,Website,Warm,IT,UK,48,10,35,17,0,1,85,South,>500,Bad Lead
L0546,LinkedIn,Hot,IT,UK,37,11,34,19,1,0,60,South,50-100,Bad Lead
L0715,Facebook,Cold,IT,UK,9,7,49,40,0,1,51,East,100-500,Bad Lead
L0344,Website,Hot,Healthcare,UK,72,12,23,67,0,1,40,West,<50,Bad Lead
L0045,Website,Cold,IT,UK,49,0,30,44,1,1,18,South,50-100,Bad Lead
L0369,Google,Cold,Healthcare,India,2,8,49,70,0,0,7,South,<50,Bad Lead
L0927,Email,Warm,Education,Canada,22,12,10,63,1,0,92,East,100-500,Bad Lead
L0595,Referral,Cold,Finance,Germany,93,10,3,68,1,0,20,North,>500,Good Lead
L0061,Referral,Warm,Retail,India,62,4,6,12,1,0,25,East,>500,Bad Lead
L0290,Referral,Hot,Manufacturing,India,50,6,35,2,1,1,55,East,50-100,Bad Lead
L0196,Facebook,Cold,IT,Canada,31,9,48,85,1,0,88,East,50-100,Bad Lead
L0009,Facebook,Cold,Manufacturing,Canada,26,10,4,2,1,0,40,South,<50,Bad Lead
L0076,Website,Cold,Healthcare,USA,27,6,37,47,1,0,66,East,>500,Bad Lead
L0376,Google,Cold,Finance,Germany,41,9,45,37,1,0,65,East,100-500,Bad Lead
L0682,Referral,Warm,Healthcare,Canada,63,13,43,63,1,0,97,North,50-100,Good Lead
L0901,Website,Hot,Education,India,79,7,21,28,1,0,83,East,<50,Good Lead
L0366,Website,Hot,Healthcare,Canada,15,3,24,67,1,0,67,North,<50,Bad Lead
L0698,Google,Cold,Healthcare,India,3,1,4,88,1,0,50,East,>500,Bad Lead
L0746,Referral,Hot,Finance,Germany,12,14,26,5,1,1,72,West,50-100,Bad Lead
L0262,LinkedIn,Cold,Finance,USA,15,5,41,46,1,1,27,North,50-100,Bad Lead
L0074,Referral,Hot,Finance,Germany,38,5,33,22,1,0,34,East,<50,Bad Lead
L0109,Google,Cold,Retail,Canada,91,11,24,58,0,1,82,South,50-100,Bad Lead
L0408,Email,Cold,Retail,Canada,61,5,43,79,0,1,34,East,100-500,Bad Lead
L0068,Referral,Hot,IT,Germany,7,3,37,39,1,0,0,South,50-100,Bad Lead
L0956,Email,Warm,Manufacturing,UK,89,12,29,15,1,0,93,West,100-500,Good Lead
L0631,Website,Hot,Retail,Germany,58,11,14,78,1,0,46,North,<50,Bad Lead
L0530,Google,Warm,Education,India,23,8,10,12,1,1,78,East,>500,Bad Lead
L0813,Facebook,Hot,Retail,USA,31,0,17,33,0,1,18,East,>500,Bad Lead
L0878,Website,Cold,IT,USA,54,11,33,26,0,1,34,North,>500,Bad Lead
L0134,Facebook,Warm,Finance,USA,11,3,10,13,0,0,50,East,100-500,Bad Lead
L0972,Referral,Cold,Manufacturing,Germany,27,14,29,45,1,1,57,South,>500,Bad Lead
L0186,Referral,Warm,Retail,Germany,16,2,16,87,0,1,75,South,100-500,Bad Lead
L0991,LinkedIn,Cold,IT,Germany,30,0,26,25,0,0,72,South,>500,Bad Lead
L0286,Google,Warm,Education,India,45,1,22,53,1,0,59,West,<50,Bad Lead
L0898,LinkedIn,Cold,Manufacturing,UK,98,11,34,3,0,0,11,West,>500,Bad Lead
L0586,Google,Warm,Finance,UK,19,3,36,72,1,0,3,West,<50,Bad Lead
L0362,Website,Warm,Finance,India,5,12,40,77,0,1,91,East,>500,Bad Lead
L0993,Facebook,Warm,Retail,India,13,0,46,28,1,0,47,West,>500,Bad Lead
L0932,Referral,Warm,Education,India,36,8,38,33,1,0,68,West,50-100,Bad Lead
L0588,Google,Warm,Finance,India,32,9,41,26,1,1,99,South,50-100,Bad Lead
L0055,LinkedIn,Cold,IT,UK,9,13,7,29,1,1,31,East,50-100,Bad Lead
L0523,Facebook,Warm,IT,Germany,60,2,19,39,1,0,2,West,50-100,Bad Lead
L0980,Referral,Warm,IT,UK,75,14,9,71,1,1,75,North,50-100,Good Lead
L0271,Facebook,Cold,Manufacturing,UK,79,1,28,57,0,0,68,South,50-100,Bad Lead
L0193,Email,Cold,Education,India,32,6,17,37,1,1,60,South,100-500,Bad Lead
L0356,Email,Cold,Manufacturing,USA,28,10,38,53,1,0,94,East,<50,Bad Lead
L0570,Website,Cold,Education,UK,82,9,3,54,1,0,81,East,>500,Good Lead
L0410,Referral,Cold,Education,UK,66,10,31,68,1,1,50,North,>500,Good Lead
L0591,Email,Warm,Finance,Canada,78,11,48,62,1,1,65,South,>500,Good Lead
L0268,LinkedIn,Hot,Finance,UK,64,8,18,18,0,1,96,East,50-100,Bad Lead
L0958,Facebook,Cold,Manufacturing,Canada,42,0,10,2,1,1,35,North,<50,Bad Lead
L0919,LinkedIn,Warm,Retail,Canada,94,10,13,24,0,0,78,North,100-500,Bad Lead
L0212,Google,Cold,IT,Germany,71,6,18,38,0,1,31,West,50-100,Bad Lead
L0314,Referral,Cold,IT,Germany,66,8,23,12,1,1,47,East,>500,Good Lead
L0341,Google,Hot,Finance,Canada,24,5,45,22,1,0,6,South,<50,Bad Lead
L0768,Email,Warm,Manufacturing,UK,17,0,29,67,1,1,75,West,>500,Bad Lead
L0767,LinkedIn,Warm,Retail,UK,47,2,30,76,1,0,8,North,50-100,Bad Lead
L0094,Google,Warm,Retail,India,17,7,43,63,0,0,96,West,100-500,Bad Lead
L0468,LinkedIn,Warm,Healthcare,Germany,37,13,21,52,0,0,69,South,<50,Bad Lead
L0796,Website,Warm,Manufacturing,UK,91,0,29,56,0,0,58,West,100-500,Bad Lead
L0093,LinkedIn,Warm,Education,Canada,91,4,7,76,0,1,14,North,>500,Bad Lead
L0517,Website,Hot,Finance,UK,60,3,47,68,1,0,25,North,50-100,Bad Lead
L0844,Facebook,Warm,Education,Germany,14,5,18,71,1,0,24,South,100-500,Bad Lead
L0738,LinkedIn,Cold,IT,India,75,11,22,6,1,0,42,West,<50,Good Lead
L0146,Google,Cold,IT,India,54,14,35,11,1,1,54,North,100-500,Bad Lead
L0877,Email,Warm,Finance,UK,20,2,34,57,0,1,5,West,50-100,Bad Lead
L0686,Referral,Cold,Manufacturing,India,55,11,22,65,1,1,41,North,<50,Bad Lead
L0047,LinkedIn,Warm,Healthcare,USA,61,5,11,62,1,0,84,South,100-500,Bad Lead
L0531,Website,Cold,IT,Canada,10,3,34,77,0,0,53,West,<50,Bad Lead
L0822,LinkedIn,Cold,Manufacturing,India,92,3,45,62,0,1,54,West,100-500,Bad Lead
L0086,Referral,Warm,Finance,Germany,60,10,43,65,1,1,73,West,>500,Bad Lead
L0600,Facebook,Warm,Retail,UK,89,4,31,38,0,0,19,West,<50,Bad Lead
L0215,Google,Cold,Retail,Germany,32,14,32,58,1,0,56,West,50-100,Bad Lead
L0689,Google,Warm,IT,USA,38,3,38,30,1,1,86,South,>500,Bad Lead
L0191,Facebook,Cold,Healthcare,Germany,93,9,12,25,1,1,32,South,50-100,Good Lead
L0188,Google,Warm,Retail,Canada,65,5,8,6,1,1,35,East,<50,Bad Lead
L0866,Website,Warm,Manufacturing,UK,16,2,23,1,1,1,89,South,<50,Bad Lead
L0857,Referral,Cold,Manufacturing,UK,58,12,33,41,0,0,9,South,50-100,Bad Lead
L0375,LinkedIn,Cold,Retail,USA,61,8,25,14,0,0,16,East,<50,Bad Lead
L0455,LinkedIn,Cold,Finance,UK,5,7,13,66,1,0,83,North,<50,Bad Lead
L0480,Referral,Warm,Education,USA,66,14,45,18,1,0,29,North,100-500,Good Lead
L0164,Email,Cold,Education,UK,21,12,23,62,1,0,89,North,50-100,Bad Lead
L0895,Website,Hot,Education,India,53,5,10,53,0,0,79,North,100-500,Bad Lead
L0579,Facebook,Warm,Manufacturing,USA,85,14,7,82,0,1,19,East,100-500,Bad Lead
L0635,Facebook,Warm,Healthcare,India,52,11,7,27,1,0,71,North,<50,Bad Lead
L0590,Google,Cold,IT,UK,42,1,35,1,0,1,71,East,>500,Bad Lead
L0677,Email,Cold,Retail,USA,71,5,9,13,1,0,62,North,100-500,Bad Lead
L0587,Website,Warm,Education,Germany,49,6,37,16,1,1,12,East,100-500,Bad Lead
L0371,Website,Cold,Finance,UK,63,1,45,71,1,1,6,North,<50,Bad Lead
L0714,Facebook,Warm,Retail,USA,63,3,24,61,1,1,2,East,50-100,Bad Lead
L0075,Email,Warm,Retail,Germany,59,7,10,80,0,0,14,North,100-500,Bad Lead
L0035,Email,Cold,Education,UK,46,9,17,79,1,1,6,North,>500,Bad Lead
L0816,Referral,Warm,Manufacturing,USA,2,4,44,30,0,0,94,South,<50,Bad Lead
L0729,Referral,Cold,Education,India,52,3,34,2,0,1,9,North,<50,Bad Lead
L0254,Facebook,Hot,Manufacturing,UK,16,3,35,51,0,1,18,East,50-100,Bad Lead
L0058,Referral,Cold,Education,USA,18,7,23,89,1,0,42,East,>500,Bad Lead
L0569,Google,Cold,Manufacturing,India,21,3,35,55,1,0,29,West,>500,Bad Lead
L0996,Email,Warm,IT,India,66,9,18,83,1,1,55,North,>500,Good Lead
L0002,Website,Cold,Retail,Canada,31,9,27,18,0,0,22,North,50-100,Bad Lead
L0862,Email,Cold,Retail,Canada,60,3,5,15,0,1,49,South,<50,Bad Lead
L0735,LinkedIn,Warm,Retail,USA,88,14,7,75,1,1,13,West,50-100,Good Lead
L0835,Email,Cold,Education,India,41,3,6,69,0,0,54,East,50-100,Bad Lead
L0589,Facebook,Cold,IT,India,58,14,17,46,0,0,34,South,100-500,Bad Lead
L0053,LinkedIn,Hot,IT,Germany,93,3,18,1,1,0,76,South,>500,Bad Lead
L0797,Website,Cold,Healthcare,USA,52,3,6,52,1,0,50,North,>500,Bad Lead
L0804,LinkedIn,Warm,Manufacturing,Canada,21,7,44,44,1,1,98,North,100-500,Bad Lead
L0559,Facebook,Warm,Retail,Germany,74,2,48,41,1,1,40,East,50-100,Bad Lead
L0428,Email,Warm,Retail,Canada,78,3,15,58,1,1,66,North,100-500,Bad Lead
L0490,Google,Warm,Healthcare,UK,20,10,18,43,1,1,25,South,50-100,Bad Lead
L0628,LinkedIn,Cold,Education,UK,6,13,34,22,1,0,14,East,>500,Bad Lead
L0931,LinkedIn,Warm,Manufacturing,India,49,5,43,1,0,1,58,West,50-100,Bad Lead
L0970,Google,Warm,Finance,USA,98,12,14,57,0,1,30,South,>500,Bad Lead
L0672,Email,Warm,Education,UK,14,0,20,71,1,0,74,West,>500,Bad Lead
L0744,Website,Hot,Healthcare,Canada,62,6,29,16,0,1,65,East,>500,Bad Lead
L0029,Google,Warm,Manufacturing,USA,83,0,16,57,1,0,80,North,>500,Bad Lead
L0522,Referral,Hot,Education,USA,73,6,16,60,1,1,29,West,>500,Good Lead
L0596,Google,Warm,Finance,India,37,11,47,38,0,1,73,South,100-500,Bad Lead
L0445,Referral,Warm,Manufacturing,Germany,69,7,8,79,1,0,31,East,>500,Good Lead
L0651,LinkedIn,Warm,Retail,India,52,1,21,61,0,1,4,North,>500,Bad Lead
L0082,Email,Hot,Education,UK,55,3,21,2,1,0,59,East,<50,Bad Lead
L0992,LinkedIn,Hot,Education,India,87,1,26,9,1,0,99,North,<50,Bad Lead
L0077,LinkedIn,Warm,Healthcare,UK,96,2,12,1,1,0,92,South,100-500,Bad Lead
L0614,Website,Hot,Manufacturing,Canada,42,10,15,50,1,0,88,East,<50,Bad Lead
L0577,Facebook,Hot,Healthcare,Canada,75,6,16,65,0,0,51,North,>500,Bad Lead
L0845,Facebook,Warm,Manufacturing,UK,76,10,6,36,1,0,46,South,>500,Good Lead
L0078,LinkedIn,Cold,IT,UK,53,7,30,83,0,0,29,West,>500,Bad Lead
L0924,Google,Warm,Finance,Canada,84,4,26,50,1,1,87,East,<50,Bad Lead
L0939,Email,Cold,Healthcare,USA,87,13,17,84,1,0,55,North,50-100,Good Lead
L0165,Google,Warm,IT,UK,40,0,16,56,1,1,58,West,50-100,Bad Lead
L0209,Email,Warm,Education,Germany,14,13,43,69,0,0,70,North,100-500,Bad Lead
L0012,Facebook,Hot,Healthcare,USA,34,2,4,25,0,0,60,East,>500,Bad Lead
L0748,Email,Cold,Healthcare,USA,31,0,9,68,1,1,15,South,<50,Bad Lead
L0917,Google,Cold,Retail,India,10,13,36,27,0,1,24,East,>500,Bad Lead
L0710,Facebook,Warm,Manufacturing,UK,45,5,16,78,1,0,25,South,50-100,Bad Lead
L0914,LinkedIn,Warm,Retail,USA,64,11,17,62,1,0,64,West,50-100,Good Lead
L0295,Google,Cold,Retail,UK,21,12,22,74,1,1,38,East,50-100,Bad Lead
L0943,LinkedIn,Cold,Education,Germany,62,5,32,2,1,1,61,West,>500,Bad Lead
L0386,LinkedIn,Cold,Manufacturing,Canada,56,8,19,79,0,0,89,West,<50,Bad Lead
L0789,Google,Hot,Education,UK,71,12,3,11,0,1,4,East,<50,Bad Lead
L0453,Facebook,Cold,IT,Germany,49,12,37,29,1,0,39,South,>500,Bad Lead
L0220,Referral,Cold,Retail,UK,73,11,20,47,0,1,53,East,>500,Bad Lead
L0896,LinkedIn,Hot,IT,Germany,0,0,7,50,0,1,36,West,50-100,Bad Lead
L0683,Email,Cold,Education,UK,7,1,36,24,0,0,78,West,<50,Bad Lead
L0581,LinkedIn,Warm,Education,Canada,80,7,23,62,1,0,87,West,100-500,Good Lead
L0239,LinkedIn,Cold,Manufacturing,USA,87,2,25,1,1,0,99,West,<50,Bad Lead
L0511,Referral,Warm,Retail,UK,68,10,7,84,0,1,54,South,50-100,Bad Lead
L0296,Referral,Warm,Healthcare,Germany,5,6,21,27,0,1,60,North,50-100,Bad Lead
L0696,Google,Warm,Manufacturing,UK,25,13,1,78,1,0,35,West,100-500,Bad Lead
L0500,Referral,Warm,Retail,USA,23,5,41,40,1,1,42,West,<50,Bad Lead
L0199,Facebook,Warm,Retail,Canada,9,9,36,61,1,0,69,East,100-500,Bad Lead
L0465,LinkedIn,Cold,Education,Canada,74,14,39,30,1,0,76,East,<50,Good Lead
L0367,Facebook,Cold,Healthcare,Germany,86,6,19,52,0,0,72,South,100-500,Bad Lead
L0343,Google,Warm,Manufacturing,Canada,7,10,49,60,1,0,35,East,50-100,Bad Lead
L0438,Website,Hot,Education,Canada,32,7,13,47,1,0,86,East,<50,Bad Lead
L0163,Website,Cold,Healthcare,UK,38,9,8,10,0,0,84,West,100-500,Bad Lead
L0329,Email,Cold,Finance,India,90,3,48,84,0,0,61,South,100-500,Bad Lead
L0719,Google,Hot,Finance,USA,43,3,49,57,1,0,64,East,100-500,Bad Lead
L0476,Website,Warm,IT,Canada,90,12,31,78,1,0,48,South,<50,Good Lead
L0152,Website,Warm,Healthcare,India,35,0,29,3,0,1,7,South,50-100,Bad Lead
L0175,Facebook,Warm,Education,Germany,56,7,38,7,1,0,50,North,>500,Bad Lead
L0378,Email,Warm,Healthcare,Germany,41,9,43,4,0,1,92,West,50-100,Bad Lead
L0952,Referral,Warm,Retail,Germany,37,8,11,4,0,1,34,South,100-500,Bad Lead
L0338,LinkedIn,Warm,Finance,USA,60,5,26,84,0,1,53,South,>500,Bad Lead
L0265,Referral,Warm,Healthcare,Germany,27,14,22,88,1,1,54,West,>500,Bad Lead
L0065,Google,Cold,Manufacturing,Canada,73,11,24,20,1,0,28,South,100-500,Good Lead
L0563,Website,Cold,Education,USA,86,14,9,24,1,0,79,West,100-500,Good Lead
L0910,Google,Hot,Retail,UK,71,6,32,35,1,0,33,West,50-100,Good Lead
L0814,Website,Warm,Education,UK,98,14,23,66,1,0,97,West,100-500,Good Lead
L0107,Facebook,Cold,Retail,India,87,13,34,47,1,1,13,North,50-100,Good Lead
L0784,Facebook,Hot,Retail,UK,13,14,23,21,0,1,60,South,<50,Bad Lead
L0824,LinkedIn,Warm,Healthcare,India,61,7,14,19,1,1,18,West,>500,Good Lead
L0446,Website,Cold,Retail,Germany,20,11,3,56,1,0,19,South,<50,Bad Lead
L0955,LinkedIn,Warm,IT,Germany,85,5,18,0,0,1,27,South,50-100,Bad Lead
L0534,Website,Hot,Education,UK,27,1,6,48,1,1,98,West,50-100,Bad Lead
L0724,Email,Cold,Education,Germany,64,6,17,77,0,0,88,North,50-100,Bad Lead
L0535,Referral,Warm,Healthcare,Germany,68,1,24,35,1,1,90,East,<50,Bad Lead
L0237,Website,Cold,Education,Canada,28,1,13,32,0,0,69,North,<50,Bad Lead
L0967,Email,Warm,IT,Germany,59,13,18,26,0,0,56,East,50-100,Bad Lead
L0325,Facebook,Cold,Retail,Canada,59,10,47,39,1,0,61,North,<50,Bad Lead
L0986,LinkedIn,Warm,Manufacturing,Canada,26,6,37,57,1,0,74,South,100-500,Bad Lead
L0301,Email,Cold,Manufacturing,Canada,91,9,41,1,1,1,97,North,100-500,Good Lead
L0627,LinkedIn,Cold,Finance,India,61,5,1,74,0,0,25,West,50-100,Bad Lead
L0030,Facebook,Cold,Retail,Canada,39,5,35,71,0,0,11,North,>500,Bad Lead
L0521,Google,Cold,Retail,USA,65,8,28,51,1,0,52,North,<50,Good Lead
L0708,Email,Cold,Finance,Canada,10,12,36,65,1,0,92,West,>500,Bad Lead
L0324,Referral,Warm,Manufacturing,Canada,3,10,24,6,0,1,85,North,>500,Bad Lead
L0132,Website,Hot,IT,Canada,0,6,42,34,1,1,60,East,50-100,Bad Lead
L0960,Website,Hot,Manufacturing,UK,57,13,17,46,1,1,63,West,50-100,Bad Lead
L0405,Website,Cold,Finance,Germany,17,8,32,78,0,1,14,West,>500,Bad Lead
L0474,Google,Warm,Finance,Germany,60,3,31,36,1,1,53,North,100-500,Bad Lead
L0498,LinkedIn,Cold,Retail,India,30,3,16,9,1,1,70,East,100-500,Bad Lead
L0543,Website,Warm,Retail,USA,3,9,24,79,1,0,62,North,>500,Bad Lead
L0289,Facebook,Cold,IT,USA,17,12,48,28,0,1,88,South,<50,Bad Lead
L0913,Referral,Cold,Healthcare,Canada,11,8,28,64,1,1,14,South,>500,Bad Lead
L0021,Website,Hot,Education,Germany,25,14,36,53,1,0,95,North,50-100,Bad Lead
L0031,Facebook,Cold,Finance,India,38,8,47,28,1,1,3,West,>500,Bad Lead
L0409,Email,Cold,Healthcare,Germany,37,10,39,75,1,0,96,West,100-500,Bad Lead
L0266,Google,Cold,Manufacturing,USA,72,10,23,67,1,1,56,East,50-100,Good Lead
L0971,Website,Hot,Healthcare,Canada,55,12,49,61,1,1,58,East,<50,Bad Lead
L0253,Referral,Cold,Finance,UK,61,13,19,86,1,0,0,South,50-100,Good Lead
L0120,Referral,Cold,Manufacturing,UK,4,5,39,14,1,0,77,North,<50,Bad Lead
L0922,Google,Cold,Manufacturing,USA,31,4,23,66,0,0,51,West,>500,Bad Lead
L0793,Email,Warm,Finance,USA,58,8,35,38,1,1,58,East,<50,Bad Lead
L0150,Email,Hot,Education,UK,95,4,38,84,1,1,50,West,>500,Bad Lead
L0805,LinkedIn,Hot,Retail,Canada,95,10,40,34,1,1,73,East,<50,Good Lead
L0838,Google,Warm,Retail,Germany,76,8,41,37,1,1,0,West,100-500,Good Lead
L0377,LinkedIn,Warm,Manufacturing,Germany,75,13,49,14,1,1,78,East,>500,Good Lead
L0933,Google,Cold,Finance,UK,63,3,41,59,1,1,61,North,100-500,Bad Lead
L0526,LinkedIn,Warm,Retail,Germany,19,5,45,62,0,1,48,South,50-100,Bad Lead
L0812,Google,Warm,Healthcare,India,77,2,43,9,1,0,52,West,50-100,Bad Lead
L0154,Website,Cold,Retail,Germany,57,5,3,68,0,0,67,East,100-500,Bad Lead
L0160,Referral,Cold,Retail,USA,8,0,21,5,1,0,79,North,<50,Bad Lead
L0617,Referral,Warm,Retail,USA,7,11,13,68,1,1,2,North,>500,Bad Lead
L0556,LinkedIn,Cold,Healthcare,India,53,9,30,18,0,1,10,East,50-100,Bad Lead
L0904,Referral,Cold,Retail,UK,14,3,10,74,1,0,11,West,100-500,Bad Lead
L0013,Email,Cold,Manufacturing,USA,84,11,1,71,1,1,85,North,100-500,Good Lead
L0382,LinkedIn,Warm,IT,UK,53,13,34,9,1,0,5,North,<50,Bad Lead
L0279,Google,Warm,Education,Canada,65,12,34,52,1,0,91,North,<50,Good Lead
L0792,Website,Hot,IT,UK,31,10,34,83,1,0,55,West,100-500,Bad Lead
L0006,LinkedIn,Cold,Retail,Canada,37,4,34,48,1,1,88,West,50-100,Bad Lead
L0903,LinkedIn,Warm,Finance,Canada,31,10,33,57,1,1,82,East,100-500,Bad Lead
L0374,Facebook,Warm,Retail,UK,85,14,36,42,0,0,2,East,<50,Bad Lead
L0963,Google,Cold,Retail,India,57,13,48,54,1,1,39,South,<50,Bad Lead
L0342,Referral,Warm,IT,Germany,35,6,13,15,1,0,44,East,>500,Bad Lead
L0869,LinkedIn,Warm,IT,India,95,10,14,79,1,0,87,East,100-500,Good Lead
L0721,Email,Warm,Healthcare,Canada,61,1,43,33,1,0,89,South,>500,Bad Lead
L0566,Facebook,Warm,Retail,Canada,88,4,29,51,1,1,86,North,>500,Bad Lead
L0808,Website,Warm,Healthcare,India,71,9,28,89,0,1,69,East,<50,Bad Lead
L0874,Referral,Warm,Healthcare,UK,42,7,3,19,1,0,79,North,>500,Bad Lead
L0888,Email,Warm,Education,UK,86,5,7,52,1,1,62,North,>500,Bad Lead
L0893,Facebook,Warm,Education,India,51,13,6,8,1,0,6,East,100-500,Bad Lead
L0722,Google,Cold,Retail,Germany,86,5,39,43,1,1,75,East,>500,Bad Lead
L0389,Google,Hot,Retail,USA,1,3,9,86,1,0,91,West,<50,Bad Lead
L0276,Referral,Warm,Retail,India,28,2,37,11,1,0,68,West,>500,Bad Lead
L0668,Referral,Warm,Healthcare,Germany,87,3,39,37,0,1,16,South,100-500,Bad Lead
L0725,Email,Hot,Healthcare,USA,94,12,15,69,1,0,71,West,50-100,Good Lead
L0571,Website,Warm,Education,India,64,1,45,86,1,0,10,East,>500,Bad Lead
L0316,Referral,Warm,Healthcare,UK,2,9,33,74,1,1,83,West,<50,Bad Lead
L0852,LinkedIn,Cold,IT,Canada,45,5,7,37,1,1,11,North,<50,Bad Lead
L0414,LinkedIn,Warm,IT,USA,60,2,18,16,1,0,76,East,50-100,Bad Lead
L0774,Email,Warm,Retail,India,88,6,42,16,1,0,85,South,<50,Good Lead
L0305,Website,Warm,Finance,India,81,3,23,87,0,1,98,North,100-500,Bad Lead
L0544,Referral,Warm,Manufacturing,India,41,3,11,55,1,0,92,North,100-500,Bad Lead
L0482,Facebook,Hot,Finance,USA,34,14,25,44,0,0,73,East,100-500,Bad Lead
L0312,Website,Cold,Healthcare,USA,92,7,43,31,1,1,67,South,50-100,Good Lead
L0133,Email,Hot,Finance,Canada,67,14,32,13,0,0,76,West,<50,Bad Lead
L0646,Website,Hot,Retail,Germany,7,5,14,48,1,0,0,East,100-500,Bad Lead
L0358,Email,Cold,Education,USA,70,8,45,55,1,0,55,North,50-100,Good Lead
L0606,Facebook,Cold,Healthcare,India,48,3,14,68,0,0,83,North,50-100,Bad Lead
L0016,Referral,Hot,Manufacturing,India,14,11,9,45,1,0,99,South,100-500,Bad Lead
L0770,Facebook,Warm,Retail,Germany,54,2,11,77,1,1,4,West,>500,Bad Lead
L0003,Facebook,Cold,IT,USA,31,2,33,16,1,0,26,West,50-100,Bad Lead
L0269,Email,Hot,Education,India,92,6,12,81,1,1,15,East,>500,Good Lead
L0477,Email,Hot,IT,UK,95,4,20,16,0,1,16,East,50-100,Bad Lead
L0560,Google,Hot,Education,India,20,8,32,20,0,0,65,North,100-500,Bad Lead
L0541,Referral,Warm,Finance,USA,11,4,17,57,1,1,9,West,>500,Bad Lead
L0647,LinkedIn,Cold,Finance,USA,78,12,25,0,0,1,50,South,100-500,Bad Lead
L0561,Referral,Warm,IT,India,43,4,22,39,1,0,97,North,100-500,Bad Lead
L0020,Referral,Warm,Manufacturing,UK,26,6,19,60,1,1,1,East,>500,Bad Lead
L0310,Email,Cold,Healthcare,USA,19,1,30,59,0,1,60,West,>500,Bad Lead
L0345,Referral,Cold,Healthcare,USA,57,10,20,79,1,1,93,North,100-500,Bad Lead
L0460,Email,Hot,Manufacturing,Canada,70,9,10,54,1,0,78,North,100-500,Good Lead
L0230,LinkedIn,Cold,Retail,UK,92,7,6,22,1,1,70,North,100-500,Good Lead
L0309,LinkedIn,Warm,Retail,Germany,78,9,32,39,1,0,10,West,50-100,Good Lead
L0126,Referral,Hot,Finance,UK,46,14,45,71,1,1,36,East,50-100,Bad Lead
L0350,Google,Cold,Retail,UK,57,11,41,11,1,1,39,North,<50,Bad Lead
L0470,Email,Cold,Healthcare,UK,26,13,29,78,1,0,79,North,<50,Bad Lead
L0433,Google,Cold,Healthcare,India,69,10,15,1,1,1,48,South,<50,Good Lead
L0138,Email,Cold,IT,Canada,22,6,29,33,1,1,39,East,<50,Bad Lead
L0081,LinkedIn,Cold,Finance,India,81,8,9,45,0,1,42,West,100-500,Bad Lead
L0703,Referral,Warm,Education,USA,87,11,32,4,1,1,79,South,>500,Good Lead
L0795,Google,Cold,Education,India,37,6,21,40,1,0,88,East,100-500,Bad Lead
L0807,Google,Warm,Manufacturing,India,71,5,16,4,1,1,35,West,50-100,Bad Lead
L0771,Website,Cold,Retail,Germany,38,13,20,12,0,0,61,South,100-500,Bad Lead
L0426,Referral,Cold,Education,Canada,73,11,17,3,1,0,37,West,<50,Good Lead
L0853,Email,Warm,Healthcare,UK,71,11,15,36,0,1,32,North,50-100,Bad Lead
L0176,LinkedIn,Warm,Education,UK,85,12,34,35,0,0,31,West,100-500,Bad Lead
L0663,Google,Cold,Healthcare,India,70,9,39,53,1,1,65,East,50-100,Good Lead
L0088,Email,Hot,Education,India,59,4,2,15,1,0,94,South,>500,Bad Lead
L0516,Google,Warm,Manufacturing,Germany,67,5,16,16,0,0,82,West,<50,Bad Lead
L0638,Google,Hot,Education,Germany,72,0,25,34,1,0,24,South,100-500,Bad Lead
L0249,Facebook,Warm,IT,India,57,3,47,29,1,0,45,South,50-100,Bad Lead
L0359,Facebook,Hot,Manufacturing,USA,91,6,11,68,1,1,43,West,50-100,Good Lead
L0214,Google,Warm,Manufacturing,India,46,6,27,32,1,1,54,West,50-100,Bad Lead
L0954,LinkedIn,Warm,IT,UK,67,8,21,15,1,0,86,West,>500,Good Lead
L0603,Referral,Cold,Healthcare,Germany,76,1,24,44,1,1,51,South,50-100,Bad Lead
L0697,Google,Hot,Finance,India,85,4,24,87,0,0,47,South,50-100,Bad Lead
L0599,Facebook,Cold,Manufacturing,Germany,55,11,48,80,1,0,31,North,<50,Bad Lead
L0613,LinkedIn,Cold,Retail,UK,39,10,8,67,0,0,92,East,<50,Bad Lead
L0766,LinkedIn,Hot,Healthcare,Germany,98,14,35,39,1,0,97,East,100-500,Good Lead
L0873,Referral,Cold,Retail,USA,12,3,15,44,1,1,87,East,50-100,Bad Lead
L0213,Website,Warm,Finance,Canada,8,11,28,87,1,0,21,South,>500,Bad Lead
L0754,Website,Cold,Education,Canada,84,4,24,23,1,1,10,West,50-100,Bad Lead
L0650,Facebook,Hot,Education,UK,19,3,20,58,0,1,67,West,50-100,Bad Lead
L0493,Email,Cold,Retail,UK,29,12,5,67,1,0,2,West,50-100,Bad Lead
L0964,Google,Warm,Education,India,31,11,20,20,1,0,16,North,100-500,Bad Lead
L0336,Facebook,Warm,Healthcare,Germany,30,5,31,36,1,1,76,West,100-500,Bad Lead
L0712,Website,Hot,Healthcare,UK,61,14,23,67,1,1,87,East,<50,Good Lead
L0519,Referral,Warm,IT,India,18,14,8,56,1,1,90,South,>500,Bad Lead
L0071,Email,Cold,IT,India,72,4,37,86,0,0,66,West,<50,Bad Lead
L0711,Referral,Cold,IT,Canada,95,13,34,16,1,1,74,East,>500,Good Lead
L0679,Website,Hot,Manufacturing,Germany,55,1,42,3,1,1,40,South,100-500,Bad Lead
L0503,Email,Hot,Education,Germany,99,5,25,9,1,1,99,East,>500,Bad Lead
L0649,LinkedIn,Warm,Retail,Canada,93,8,29,46,1,1,7,West,100-500,Good Lead
L0155,Referral,Cold,IT,Canada,38,2,8,18,1,0,74,North,<50,Bad Lead
L0911,Website,Cold,Education,Canada,26,12,15,74,1,0,6,North,>500,Bad Lead
L0049,Google,Warm,Education,UK,32,14,44,51,1,1,9,North,50-100,Bad Lead
L0979,LinkedIn,Warm,Education,UK,62,10,44,20,1,0,38,North,50-100,Good Lead
L0210,LinkedIn,Warm,IT,Canada,27,13,14,84,1,1,16,South,>500,Bad Lead
L0110,Facebook,Cold,Manufacturing,USA,78,11,22,68,0,1,46,South,100-500,Bad Lead
L0043,Website,Cold,Manufacturing,UK,74,13,4,32,1,0,5,South,>500,Good Lead
L0949,Facebook,Warm,Manufacturing,Germany,55,11,48,89,1,0,36,West,<50,Bad Lead
L0520,LinkedIn,Hot,Manufacturing,Canada,42,3,18,61,0,1,93,West,50-100,Bad Lead
L0204,Email,Cold,Healthcare,UK,10,1,5,23,1,1,71,North,50-100,Bad Lead
L0104,Google,Hot,Retail,UK,6,7,18,83,1,0,77,South,>500,Bad Lead
L0042,Facebook,Hot,Manufacturing,Germany,39,4,41,70,1,1,72,East,100-500,Bad Lead
L0168,Referral,Warm,Manufacturing,Canada,86,13,48,1,0,1,71,South,50-100,Bad Lead
L0551,Google,Warm,Healthcare,Canada,10,9,14,20,1,0,40,South,100-500,Bad Lead
L0879,LinkedIn,Warm,IT,UK,80,14,41,25,1,0,32,West,50-100,Good Lead
L0951,Facebook,Cold,IT,India,65,14,40,71,1,0,62,South,50-100,Good Lead
L0106,Referral,Hot,IT,UK,53,2,49,52,0,1,86,South,100-500,Bad Lead
L0861,Referral,Warm,Retail,UK,88,7,27,86,1,1,16,North,50-100,Good Lead
L0066,Referral,Cold,Retail,UK,64,14,22,27,0,0,4,North,100-500,Bad Lead
L0434,Website,Cold,Education,UK,87,10,18,48,1,1,95,West,<50,Good Lead
L0467,Google,Warm,IT,India,53,4,39,86,0,1,60,East,100-500,Bad Lead
L0060,Referral,Warm,IT,Canada,58,9,45,32,1,1,35,East,>500,Bad Lead
L0764,Website,Hot,Finance,Canada,59,0,19,55,1,0,99,South,50-100,Bad Lead
L0536,Facebook,Cold,Manufacturing,India,62,4,18,9,0,0,26,South,50-100,Bad Lead
L0664,Website,Warm,IT,India,57,8,34,33,0,1,58,North,<50,Bad Lead
L0806,Facebook,Warm,IT,India,37,12,26,2,0,0,33,East,50-100,Bad Lead
L0025,Email,Warm,Healthcare,Germany,42,6,14,24,1,0,76,West,>500,Bad Lead
L0723,Website,Warm,Retail,USA,16,2,42,14,1,1,13,West,50-100,Bad Lead
L0934,Google,Cold,Education,India,53,5,45,60,1,0,3,West,>500,Bad Lead
L0762,LinkedIn,Hot,Retail,India,37,14,47,53,1,0,89,East,<50,Bad Lead
L0776,LinkedIn,Warm,Education,Canada,61,12,1,80,0,0,58,East,100-500,Bad Lead
L0662,Google,Cold,Finance,UK,49,11,21,71,1,0,55,East,100-500,Bad Lead
L0699,Email,Warm,Healthcare,Canada,94,7,4,0,0,1,96,West,100-500,Bad Lead
L0841,Website,Cold,IT,India,35,2,47,83,1,0,50,North,50-100,Bad Lead
L0442,Referral,Cold,Retail,Germany,36,6,10,87,0,1,70,West,<50,Bad Lead
L0565,Website,Hot,IT,USA,58,14,1,83,0,1,67,North,>500,Bad Lead
L0156,Website,Cold,Finance,Canada,79,12,8,1,1,0,71,North,100-500,Good Lead
L0858,Google,Hot,Education,Canada,12,5,15,47,1,0,30,South,100-500,Bad Lead
L0257,Facebook,Hot,Retail,Canada,2,11,46,65,1,1,3,South,>500,Bad Lead
L0567,Website,Hot,Finance,Germany,53,1,8,43,1,0,83,North,100-500,Bad Lead
L0616,Facebook,Warm,Manufacturing,Canada,19,2,47,13,0,1,20,North,<50,Bad Lead
L0880,Website,Cold,IT,UK,39,14,41,6,1,0,17,North,<50,Bad Lead
L0459,Website,Hot,Education,USA,28,4,37,75,1,0,86,West,<50,Bad Lead
L0368,Referral,Warm,Manufacturing,UK,94,13,18,32,1,1,6,East,50-100,Good Lead
L0051,Email,Cold,Education,India,15,9,30,25,0,0,36,North,>500,Bad Lead
L0144,Website,Hot,Finance,USA,87,0,29,61,1,0,37,East,50-100,Bad Lead
L0246,Facebook,Cold,Manufacturing,Germany,48,14,45,17,1,0,45,North,100-500,Bad Lead
L0181,Google,Cold,IT,Canada,12,12,37,85,1,1,60,East,50-100,Bad Lead
L0057,LinkedIn,Hot,Retail,Canada,37,4,26,11,1,0,71,West,<50,Bad Lead
L0129,Facebook,Warm,IT,UK,34,7,5,37,0,1,69,South,50-100,Bad Lead
L0612,Facebook,Cold,Manufacturing,Germany,71,1,36,72,0,1,81,East,<50,Bad Lead
L0475,Website,Warm,Healthcare,Germany,30,11,25,20,1,0,40,North,50-100,Bad Lead
L0171,Referral,Warm,Finance,India,86,2,13,52,1,1,43,West,100-500,Bad Lead
L0688,Google,Warm,IT,India,9,11,29,21,1,0,56,East,<50,Bad Lead
L0218,LinkedIn,Warm,Healthcare,Germany,18,10,40,56,1,1,86,North,100-500,Bad Lead
L0131,Facebook,Cold,Manufacturing,UK,68,1,5,87,1,1,65,North,>500,Bad Lead
L0504,Website,Warm,Retail,UK,31,3,44,9,1,1,92,North,50-100,Bad Lead
L0137,LinkedIn,Warm,IT,Canada,55,0,7,37,1,0,0,West,50-100,Bad Lead
L0601,Google,Cold,Manufacturing,USA,93,9,31,35,1,1,73,West,<50,Good Lead
L0926,Email,Warm,Healthcare,India,39,8,11,81,1,1,70,South,100-500,Bad Lead
L0984,Referral,Hot,IT,USA,3,9,15,19,1,0,53,East,<50,Bad Lead
L0644,Email,Hot,Healthcare,Canada,94,14,17,64,1,1,76,East,>500,Good Lead
L0427,LinkedIn,Hot,Finance,USA,52,12,16,48,1,0,10,North,>500,Bad Lead
L0622,Referral,Warm,Education,USA,80,5,32,11,1,1,11,East,>500,Bad Lead
L0891,Google,Cold,Retail,Germany,32,2,14,47,1,0,9,West,100-500,Bad Lead
L0070,Email,Warm,Manufacturing,Canada,80,1,31,72,1,1,2,South,<50,Bad Lead
L0117,Google,Warm,Healthcare,USA,37,14,16,52,0,1,8,North,>500,Bad Lead
L0444,Facebook,Warm,Manufacturing,UK,21,14,41,89,0,0,94,East,100-500,Bad Lead
L0864,Facebook,Cold,Education,UK,1,9,33,34,1,0,81,West,<50,Bad Lead
L0221,Email,Warm,Healthcare,UK,39,2,28,41,1,1,28,South,>500,Bad Lead
L0741,LinkedIn,Warm,Manufacturing,Canada,14,6,46,3,1,0,21,North,100-500,Bad Lead
L0185,Google,Warm,Finance,UK,44,7,43,19,1,1,35,East,>500,Bad Lead
L0941,Referral,Cold,Retail,UK,20,10,37,69,0,1,65,East,100-500,Bad Lead
L0285,Google,Hot,Retail,India,52,1,23,29,1,1,25,West,100-500,Bad Lead
L0859,Email,Cold,Retail,India,38,10,36,43,1,0,59,East,100-500,Bad Lead
L0555,LinkedIn,Warm,Healthcare,UK,54,2,39,56,0,0,75,South,>500,Bad Lead
L0959,Google,Warm,Education,USA,35,3,45,51,1,1,32,South,>500,Bad Lead
L0112,Google,Cold,IT,Germany,54,6,44,14,1,1,3,East,100-500,Bad Lead
L0303,Facebook,Warm,IT,UK,48,13,6,25,1,1,70,South,<50,Bad Lead
L0623,Website,Cold,Finance,USA,83,1,32,81,1,1,6,West,>500,Bad Lead
L0207,Referral,Cold,Healthcare,UK,46,0,18,71,0,1,59,East,<50,Bad Lead
L0422,LinkedIn,Warm,IT,Germany,26,14,45,61,1,1,91,West,<50,Bad Lead
L0654,Website,Warm,Education,Germany,16,8,37,45,1,0,91,East,<50,Bad Lead
L0306,LinkedIn,Warm,Finance,USA,65,12,43,75,1,1,93,West,50-100,Good Lead
L0944,Website,Hot,Education,USA,82,8,24,73,1,1,53,North,>500,Good Lead
L0115,LinkedIn,Warm,IT,India,37,10,25,68,1,0,94,West,<50,Bad Lead
L0582,Google,Warm,Finance,UK,92,0,41,41,1,0,30,West,50-100,Bad Lead
L0593,Google,Cold,Education,UK,39,0,48,18,1,0,30,South,50-100,Bad Lead
L0118,Referral,Warm,Retail,Canada,84,12,31,36,1,0,52,South,50-100,Good Lead
L0219,LinkedIn,Cold,Healthcare,India,66,14,32,75,1,0,61,West,>500,Good Lead
L0899,Facebook,Warm,Retail,India,74,0,30,2,1,0,16,South,100-500,Bad Lead
L0594,Email,Warm,Finance,Germany,19,0,32,16,1,1,9,East,>500,Bad Lead
L0005,Website,Cold,Finance,USA,47,7,44,75,0,0,9,East,>500,Bad Lead
L0834,Website,Warm,Retail,India,44,11,12,10,1,0,18,East,>500,Bad Lead
L0272,Referral,Cold,Retail,USA,40,7,33,22,1,1,40,West,100-500,Bad Lead
L0854,Facebook,Hot,Education,India,7,3,44,63,0,1,70,East,50-100,Bad Lead
L0091,LinkedIn,Cold,Healthcare,Canada,36,4,18,43,1,0,35,North,50-100,Bad Lead
L0658,Website,Cold,Retail,Germany,28,1,17,38,1,1,51,North,<50,Bad Lead
L0820,LinkedIn,Cold,Education,USA,58,1,34,69,0,0,93,South,<50,Bad Lead
L0539,LinkedIn,Cold,Retail,USA,50,13,29,0,1,0,83,North,50-100,Bad Lead
L0443,Email,Cold,Healthcare,USA,62,13,31,48,0,1,11,East,50-100,Bad Lead
L0008,Facebook,Hot,Finance,UK,73,9,17,62,0,0,15,East,<50,Bad Lead
L0337,Facebook,Cold,Finance,USA,97,2,21,22,1,1,50,West,<50,Bad Lead
L0831,Google,Warm,Manufacturing,India,21,4,10,38,1,1,27,South,50-100,Bad Lead
L0235,Google,Cold,Finance,India,63,6,30,63,1,0,9,West,>500,Good Lead
L0693,Email,Hot,Finance,Germany,12,4,7,37,1,0,35,West,100-500,Bad Lead
L0920,Website,Warm,IT,USA,16,2,15,42,0,1,85,North,<50,Bad Lead
L0180,Google,Hot,Retail,Germany,86,10,49,84,1,0,24,South,100-500,Good Lead
L0810,Google,Warm,Manufacturing,Germany,56,3,36,70,1,1,15,South,50-100,Bad Lead
L0921,Facebook,Hot,Healthcare,India,96,4,25,83,1,1,5,East,>500,Bad Lead
L0513,LinkedIn,Warm,Retail,India,9,5,19,84,1,0,29,West,50-100,Bad Lead
L0395,LinkedIn,Warm,IT,USA,10,4,16,52,1,1,78,South,>500,Bad Lead
L0608,Google,Hot,IT,UK,35,2,15,75,1,1,71,West,<50,Bad Lead
L0294,Facebook,Cold,Manufacturing,UK,7,13,44,1,0,1,96,East,100-500,Bad Lead
L0293,Referral,Warm,Manufacturing,UK,95,10,8,75,1,1,1,West,50-100,Good Lead
L0640,LinkedIn,Warm,Finance,Germany,50,7,14,26,1,1,31,East,>500,Bad Lead
L0580,Referral,Hot,Education,USA,46,10,44,6,0,0,1,North,<50,Bad Lead
L0619,Referral,Warm,Manufacturing,UK,39,9,34,41,1,0,87,East,100-500,Bad Lead
L0263,Google,Cold,Education,USA,24,7,1,12,1,1,69,West,100-500,Bad Lead
L0529,Google,Cold,Healthcare,USA,86,14,27,32,0,1,76,West,>500,Bad Lead
L0278,LinkedIn,Warm,Manufacturing,India,18,9,35,33,0,1,91,West,<50,Bad Lead
L0396,LinkedIn,Warm,Manufacturing,Canada,78,4,44,17,1,0,17,North,50-100,Bad Lead
L0322,Google,Warm,Healthcare,India,54,2,44,49,1,0,0,South,100-500,Bad Lead
L0282,Website,Cold,Finance,Canada,14,13,16,56,1,1,43,North,>500,Bad Lead
L0384,LinkedIn,Cold,IT,Germany,7,14,19,3,0,0,25,South,<50,Bad Lead
L0096,Referral,Warm,Manufacturing,Germany,62,12,44,17,0,0,89,West,<50,Bad Lead
L0702,LinkedIn,Cold,Healthcare,India,37,9,43,11,1,0,73,East,<50,Bad Lead
L0101,Website,Cold,Retail,USA,76,10,31,47,0,0,76,East,<50,Bad Lead
L0248,Website,Cold,Finance,India,6,13,12,71,1,1,82,South,>500,Bad Lead
L0584,Website,Cold,Manufacturing,Germany,13,6,42,58,1,1,1,South,100-500,Bad Lead
L0027,Referral,Cold,Healthcare,UK,41,6,28,79,1,0,58,West,50-100,Bad Lead
L0149,Referral,Cold,Healthcare,Canada,54,9,47,12,1,0,54,North,>500,Bad Lead
L0159,Email,Cold,Finance,Canada,60,14,4,73,1,0,1,East,50-100,Bad Lead
L0417,Google,Warm,Finance,Germany,44,9,31,45,1,0,92,North,>500,Bad Lead
L0548,Facebook,Warm,IT,UK,13,12,3,24,1,0,7,North,50-100,Bad Lead
L0974,Referral,Cold,Education,UK,41,7,4,10,0,1,47,North,100-500,Bad Lead
L0998,Google,Warm,IT,Germany,72,6,3,85,1,1,16,West,100-500,Good Lead
L0304,Google,Cold,IT,USA,44,11,23,89,0,0,53,East,>500,Bad Lead
L0067,LinkedIn,Cold,Finance,USA,90,6,19,47,1,0,76,South,50-100,Good Lead
L0742,Referral,Warm,Education,Germany,14,13,49,9,1,0,67,East,<50,Bad Lead
L0326,Facebook,Hot,Education,UK,74,0,40,27,0,1,63,North,100-500,Bad Lead
L0509,Referral,Warm,Manufacturing,UK,2,1,38,64,1,1,43,North,<50,Bad Lead
L0069,LinkedIn,Warm,Retail,UK,50,10,18,65,0,1,86,East,>500,Bad Lead
L0441,Website,Hot,Retail,India,0,14,45,54,1,1,96,East,>500,Bad Lead
L0502,Email,Hot,Retail,India,95,4,15,68,0,1,70,East,50-100,Bad Lead
L0847,Referral,Hot,Education,India,23,10,33,51,1,0,63,South,>500,Bad Lead
L0464,Google,Warm,Manufacturing,Canada,7,12,23,43,0,1,18,South,50-100,Bad Lead
L0277,Google,Cold,Healthcare,Germany,82,6,26,23,1,1,30,East,>500,Good Lead
L0929,Website,Cold,Manufacturing,USA,5,12,37,68,0,0,31,North,>500,Bad Lead
L0466,LinkedIn,Cold,Healthcare,USA,96,11,40,57,1,1,28,West,<50,Good Lead
L0982,LinkedIn,Warm,Healthcare,UK,87,5,15,84,1,1,47,North,50-100,Bad Lead
L0174,Email,Cold,Education,Canada,29,14,7,83,1,0,94,South,100-500,Bad Lead
L0397,Facebook,Hot,Healthcare,Canada,79,5,40,42,1,1,61,South,<50,Bad Lead
L0749,Google,Cold,Finance,India,8,8,47,73,1,1,53,South,>500,Bad Lead
L0114,Website,Warm,Manufacturing,Germany,77,12,42,2,0,1,82,West,100-500,Bad Lead
L0740,Referral,Warm,Finance,UK,16,12,4,65,1,0,80,West,50-100,Bad Lead
L0255,LinkedIn,Warm,IT,Canada,42,12,39,48,1,1,59,North,<50,Bad Lead
L0554,LinkedIn,Warm,Education,UK,26,3,21,69,0,1,20,East,50-100,Bad Lead
L0568,Referral,Cold,Education,Germany,73,10,4,84,0,1,24,West,>500,Bad Lead
L0044,Facebook,Hot,Manufacturing,Germany,60,12,30,25,0,0,88,North,>500,Bad Lead
L0004,Website,Cold,Retail,Germany,5,2,1,32,0,1,53,North,>500,Bad Lead
L0462,Referral,Warm,Manufacturing,Canada,17,11,7,55,1,1,32,North,50-100,Bad Lead
L0413,LinkedIn,Cold,Manufacturing,Canada,93,1,30,89,0,0,86,North,100-500,Bad Lead
L0036,Email,Warm,IT,Canada,62,4,39,70,0,1,86,West,100-500,Bad Lead
L0233,Facebook,Cold,Education,UK,47,12,48,86,1,0,44,West,100-500,Bad Lead
L0010,Website,Warm,Finance,India,53,0,43,48,1,0,97,South,100-500,Bad Lead
L0048,Referral,Warm,Healthcare,Canada,57,12,2,66,0,1,65,East,50-100,Bad Lead
L0633,Website,Cold,Finance,Canada,47,12,34,8,1,0,34,East,>500,Bad Lead
L0318,Email,Warm,IT,Canada,77,5,39,51,0,0,3,East,>500,Bad Lead
L0752,Website,Hot,Education,Germany,89,11,6,82,0,0,22,North,100-500,Bad Lead
L0357,Website,Warm,Retail,Canada,58,8,6,27,1,1,79,West,>500,Bad Lead
L0550,Facebook,Warm,IT,Canada,31,8,38,4,0,0,94,South,100-500,Bad Lead
L0484,Email,Warm,Retail,Germany,14,3,39,77,1,0,18,South,100-500,Bad Lead
L0349,Facebook,Hot,Education,USA,95,11,28,43,0,0,59,North,50-100,Bad Lead
L0848,LinkedIn,Warm,Retail,USA,57,12,23,32,1,1,82,North,>500,Bad Lead
